,AA,Int,CCplus_APCC_asAPCC,CCplus_PCC_asAPCC,CCplus_APCC_asPCC,CCplus_PCC_asPCC
1,AA,I2_P,0.056074766,0.032679739,0.093023256,0.078212291
2,AA,I3_P,0.009090909,0.006535948,0.045801527,0.084269663
3,AA,I2_A,0,0.005649718,0.009259259,0.013071895
4,AA,I3_A,0,0.005649718,0.009259259,0.013071895
5,AA,I1,0.033613445,0.019354839,0,0
6,AA,I4,0.008403361,0,0,0
7,AA,I5,0.008547009,0,0.008403361,0
8,AA,I6,0.008403361,0.006369427,0,0
9,AC,I2_P,0,0,0,0
10,AC,I3_P,0,0,0,0
11,AC,I2_A,0,0,0,0
12,AC,I3_A,0,0,0,0
13,AC,I1,0,0,0,0.006369427
14,AC,I4,0.016806723,0,0,0.006369427
15,AC,I5,0,0,0,0
16,AC,I6,0,0,0,0
17,AD,I2_P,0,0,0,0
18,AD,I3_P,0,0,0,0
19,AD,I2_A,0,0,0,0
20,AD,I3_A,0,0,0,0
21,AD,I1,0,0,0,0.006369427
22,AD,I4,0.016806723,0,0,0.006369427
23,AD,I5,0,0,0,0
24,AD,I6,0,0,0,0
25,AE,I2_P,0,0,0,0
26,AE,I3_P,0.036363636,0,0,0
27,AE,I2_A,0.015503876,0.005649718,0.009259259,0
28,AE,I3_A,0,0,0,0
29,AE,I1,0,0,0.025210084,0.01910828
30,AE,I4,0.033613445,0.037735849,0.025210084,0.01910828
31,AE,I5,0,0,0.008403361,0
32,AE,I6,0.008403361,0,0,0
33,AF,I2_P,0,0,0,0
34,AF,I3_P,0,0,0,0
35,AF,I2_A,0.023255814,0.005649718,0.027777778,0.006535948
36,AF,I3_A,0,0,0,0.006535948
37,AF,I1,0,0,0.016806723,0
38,AF,I4,0,0,0.016806723,0
39,AF,I5,0,0.006369427,0,0.006410256
40,AF,I6,0,0,0,0
41,AG,I2_P,0,0,0,0
42,AG,I3_P,0,0,0,0
43,AG,I2_A,0,0,0,0
44,AG,I3_A,0,0,0,0
45,AG,I1,0,0,0,0
46,AG,I4,0,0,0,0
47,AG,I5,0,0,0,0
48,AG,I6,0,0,0,0
49,AH,I2_P,0.018691589,0,0,0
50,AH,I3_P,0,0,0,0
51,AH,I2_A,0,0,0,0.006535948
52,AH,I3_A,0,0,0,0
53,AH,I1,0,0.012903226,0,0
54,AH,I4,0,0,0,0
55,AH,I5,0,0,0,0
56,AH,I6,0,0.006369427,0,0
57,AI,I2_P,0,0.026143791,0,0
58,AI,I3_P,0.018181818,0.013071895,0,0
59,AI,I2_A,0,0.028248588,0,0.026143791
60,AI,I3_A,0,0.016949153,0,0
61,AI,I1,0,0,0,0.006369427
62,AI,I4,0,0,0,0.006369427
63,AI,I5,0,0.006369427,0.008403361,0
64,AI,I6,0.016806723,0,0.008547009,0.006329114
65,AK,I2_P,0,0,0,0
66,AK,I3_P,0.018181818,0.026143791,0,0
67,AK,I2_A,0,0.011299435,0,0.006535948
68,AK,I3_A,0.015503876,0.005649718,0,0
69,AK,I1,0,0,0.008403361,0
70,AK,I4,0,0,0.008403361,0
71,AK,I5,0,0,0,0
72,AK,I6,0,0,0,0
73,AL,I2_P,0.037383178,0.026143791,0,0
74,AL,I3_P,0.018181818,0.091503268,0,0
75,AL,I2_A,0.015503876,0.011299435,0.018518519,0.013071895
76,AL,I3_A,0.015503876,0.016949153,0.009259259,0.045751634
77,AL,I1,0,0,0,0.012738854
78,AL,I4,0.016806723,0,0,0.012738854
79,AL,I5,0.008547009,0.01910828,0.008403361,0.019230769
80,AL,I6,0.033613445,0.025477707,0.025641026,0.006329114
81,AM,I2_P,0,0.013071895,0,0
82,AM,I3_P,0,0,0,0
83,AM,I2_A,0,0,0,0.006535948
84,AM,I3_A,0,0.005649718,0,0
85,AM,I1,0,0,0,0
86,AM,I4,0.016806723,0,0,0
87,AM,I5,0.008547009,0.006369427,0,0
88,AM,I6,0.008403361,0,0.008547009,0
89,AN,I2_P,0,0,0,0
90,AN,I3_P,0,0,0,0
91,AN,I2_A,0,0,0,0
92,AN,I3_A,0,0.005649718,0,0
93,AN,I1,0.016806723,0,0,0
94,AN,I4,0,0,0,0
95,AN,I5,0,0,0,0
96,AN,I6,0,0,0.008547009,0.006329114
97,AP,I2_P,0,0,0,0
98,AP,I3_P,0,0,0,0
99,AP,I2_A,0,0,0,0
100,AP,I3_A,0,0,0,0
101,AP,I1,0,0,0,0
102,AP,I4,0,0,0,0
103,AP,I5,0,0,0,0
104,AP,I6,0,0,0,0
105,AQ,I2_P,0,0,0,0
106,AQ,I3_P,0,0,0,0
107,AQ,I2_A,0,0,0.009259259,0
108,AQ,I3_A,0,0,0,0
109,AQ,I1,0,0.012903226,0.016806723,0.006369427
110,AQ,I4,0.016806723,0,0.016806723,0.006369427
111,AQ,I5,0,0,0,0
112,AQ,I6,0,0,0.008547009,0
113,AR,I2_P,0.018691589,0.013071895,0,0
114,AR,I3_P,0,0,0,0
115,AR,I2_A,0,0,0,0
116,AR,I3_A,0,0.005649718,0,0.006535948
117,AR,I1,0,0.012903226,0.025210084,0.012738854
118,AR,I4,0,0.012578616,0.025210084,0.012738854
119,AR,I5,0.008547009,0,0,0
120,AR,I6,0,0,0.008547009,0.006329114
121,AS,I2_P,0,0,0,0
122,AS,I3_P,0,0,0,0
123,AS,I2_A,0.015503876,0,0.009259259,0
124,AS,I3_A,0,0,0,0
125,AS,I1,0,0,0.008403361,0
126,AS,I4,0,0,0.008403361,0
127,AS,I5,0,0,0.008403361,0
128,AS,I6,0,0,0,0
129,AT,I2_P,0,0,0,0
130,AT,I3_P,0,0,0,0
131,AT,I2_A,0.015503876,0,0,0
132,AT,I3_A,0.007751938,0,0.009259259,0
133,AT,I1,0,0,0.016806723,0.012738854
134,AT,I4,0,0,0.016806723,0.012738854
135,AT,I5,0,0,0,0.006410256
136,AT,I6,0,0,0,0
137,AV,I2_P,0,0,0,0
138,AV,I3_P,0,0,0,0
139,AV,I2_A,0.007751938,0.011299435,0.009259259,0
140,AV,I3_A,0.007751938,0.02259887,0.018518519,0
141,AV,I1,0,0,0.008403361,0
142,AV,I4,0.033613445,0.012578616,0.008403361,0
143,AV,I5,0,0.006369427,0,0
144,AV,I6,0.008403361,0,0.008547009,0.012658228
145,AW,I2_P,0,0,0,0
146,AW,I3_P,0,0,0,0
147,AW,I2_A,0,0,0,0
148,AW,I3_A,0,0,0,0
149,AW,I1,0,0.012903226,0,0
150,AW,I4,0,0,0,0
151,AW,I5,0,0,0,0
152,AW,I6,0,0,0,0
153,AY,I2_P,0,0,0,0
154,AY,I3_P,0,0,0,0
155,AY,I2_A,0,0,0,0
156,AY,I3_A,0,0,0,0
157,AY,I1,0,0,0,0
158,AY,I4,0,0.012578616,0,0
159,AY,I5,0,0,0,0.006410256
160,AY,I6,0,0,0,0
161,CA,I2_P,0,0,0,0
162,CA,I3_P,0,0,0,0
163,CA,I2_A,0,0,0,0
164,CA,I3_A,0,0,0,0
165,CA,I1,0,0,0,0
166,CA,I4,0,0,0,0
167,CA,I5,0,0,0,0
168,CA,I6,0,0,0,0
169,CC,I2_P,0,0,0.007751938,0
170,CC,I3_P,0.018181818,0.006535948,0.038167939,0.016853933
171,CC,I2_A,0,0,0,0
172,CC,I3_A,0,0,0,0
173,CC,I1,0,0,0,0
174,CC,I4,0,0,0,0
175,CC,I5,0,0,0,0.006410256
176,CC,I6,0,0,0,0
177,CD,I2_P,0,0,0,0
178,CD,I3_P,0,0,0,0
179,CD,I2_A,0,0,0,0
180,CD,I3_A,0.007751938,0,0.009259259,0
181,CD,I1,0,0,0,0
182,CD,I4,0,0,0,0
183,CD,I5,0,0,0,0
184,CD,I6,0,0,0,0
185,CE,I2_P,0,0,0,0
186,CE,I3_P,0,0,0,0
187,CE,I2_A,0,0,0,0
188,CE,I3_A,0,0,0,0
189,CE,I1,0,0,0,0
190,CE,I4,0,0,0,0
191,CE,I5,0,0,0,0
192,CE,I6,0,0,0,0
193,CF,I2_P,0,0,0,0
194,CF,I3_P,0,0,0,0
195,CF,I2_A,0,0,0,0
196,CF,I3_A,0,0,0,0
197,CF,I1,0,0,0,0
198,CF,I4,0,0,0,0
199,CF,I5,0,0,0,0
200,CF,I6,0,0,0,0
201,CG,I2_P,0,0,0,0
202,CG,I3_P,0,0,0,0
203,CG,I2_A,0,0,0,0
204,CG,I3_A,0,0,0,0
205,CG,I1,0,0.012903226,0,0
206,CG,I4,0,0,0,0
207,CG,I5,0,0,0,0
208,CG,I6,0,0,0,0
209,CH,I2_P,0,0,0,0
210,CH,I3_P,0,0,0,0
211,CH,I2_A,0,0,0,0
212,CH,I3_A,0.015503876,0,0,0
213,CH,I1,0,0,0,0
214,CH,I4,0,0,0,0
215,CH,I5,0,0,0,0
216,CH,I6,0,0,0,0
217,CI,I2_P,0,0,0,0
218,CI,I3_P,0,0,0,0
219,CI,I2_A,0,0,0,0
220,CI,I3_A,0,0,0,0.006535948
221,CI,I1,0,0,0,0.006369427
222,CI,I4,0,0,0,0.006369427
223,CI,I5,0,0,0,0
224,CI,I6,0,0,0,0
225,CK,I2_P,0,0,0,0
226,CK,I3_P,0,0,0,0
227,CK,I2_A,0,0,0,0
228,CK,I3_A,0,0,0,0
229,CK,I1,0,0,0,0
230,CK,I4,0,0.012578616,0,0
231,CK,I5,0,0,0,0.006410256
232,CK,I6,0,0,0,0
233,CL,I2_P,0.018691589,0,0,0
234,CL,I3_P,0.018181818,0.026143791,0,0
235,CL,I2_A,0,0,0,0
236,CL,I3_A,0,0.005649718,0,0.006535948
237,CL,I1,0,0,0,0
238,CL,I4,0,0,0,0
239,CL,I5,0,0.012738854,0,0
240,CL,I6,0.008403361,0.006369427,0,0.006329114
241,CM,I2_P,0,0,0,0
242,CM,I3_P,0,0,0,0
243,CM,I2_A,0.007751938,0,0,0
244,CM,I3_A,0,0,0,0
245,CM,I1,0,0,0,0
246,CM,I4,0,0,0,0
247,CM,I5,0,0,0,0
248,CM,I6,0,0,0,0
249,CN,I2_P,0,0,0,0
250,CN,I3_P,0,0,0,0
251,CN,I2_A,0,0,0,0
252,CN,I3_A,0,0.005649718,0,0
253,CN,I1,0,0,0,0
254,CN,I4,0,0,0,0
255,CN,I5,0,0,0,0
256,CN,I6,0,0,0,0
257,CP,I2_P,0,0,0,0
258,CP,I3_P,0,0,0,0
259,CP,I2_A,0,0,0,0
260,CP,I3_A,0,0,0,0
261,CP,I1,0,0,0,0
262,CP,I4,0,0,0,0
263,CP,I5,0,0,0,0
264,CP,I6,0,0,0,0
265,CQ,I2_P,0,0,0,0
266,CQ,I3_P,0,0,0,0
267,CQ,I2_A,0,0,0.009259259,0
268,CQ,I3_A,0,0,0,0
269,CQ,I1,0,0,0,0.006369427
270,CQ,I4,0,0,0,0.006369427
271,CQ,I5,0,0,0,0
272,CQ,I6,0,0,0,0
273,CR,I2_P,0,0,0,0
274,CR,I3_P,0,0,0,0
275,CR,I2_A,0,0,0,0
276,CR,I3_A,0,0,0,0
277,CR,I1,0,0.012903226,0,0
278,CR,I4,0,0,0,0
279,CR,I5,0,0,0,0
280,CR,I6,0,0,0.008547009,0
281,CS,I2_P,0,0,0,0
282,CS,I3_P,0,0,0,0
283,CS,I2_A,0,0,0,0
284,CS,I3_A,0.015503876,0,0.009259259,0
285,CS,I1,0,0,0,0
286,CS,I4,0,0,0,0
287,CS,I5,0,0,0,0
288,CS,I6,0,0,0,0
289,CT,I2_P,0,0,0,0
290,CT,I3_P,0,0,0,0
291,CT,I2_A,0,0,0,0
292,CT,I3_A,0,0.005649718,0.009259259,0.006535948
293,CT,I1,0,0,0,0
294,CT,I4,0,0,0,0
295,CT,I5,0,0,0,0
296,CT,I6,0,0,0,0
297,CV,I2_P,0,0,0,0
298,CV,I3_P,0,0,0,0
299,CV,I2_A,0,0,0,0
300,CV,I3_A,0,0,0,0
301,CV,I1,0,0,0,0
302,CV,I4,0,0,0,0
303,CV,I5,0,0,0,0
304,CV,I6,0,0,0,0
305,CW,I2_P,0,0,0,0
306,CW,I3_P,0,0,0,0
307,CW,I2_A,0,0,0,0
308,CW,I3_A,0,0,0,0
309,CW,I1,0,0,0,0
310,CW,I4,0,0,0,0
311,CW,I5,0,0,0,0
312,CW,I6,0,0,0,0
313,CY,I2_P,0,0,0,0
314,CY,I3_P,0,0,0,0
315,CY,I2_A,0,0,0,0
316,CY,I3_A,0,0,0,0
317,CY,I1,0,0,0,0
318,CY,I4,0,0,0,0
319,CY,I5,0,0,0,0
320,CY,I6,0,0,0,0
321,DA,I2_P,0,0,0,0
322,DA,I3_P,0,0,0,0
323,DA,I2_A,0,0,0,0
324,DA,I3_A,0,0,0,0
325,DA,I1,0,0,0,0
326,DA,I4,0,0,0,0
327,DA,I5,0,0,0,0
328,DA,I6,0,0.012738854,0,0
329,DC,I2_P,0,0,0,0
330,DC,I3_P,0,0,0,0
331,DC,I2_A,0.007751938,0,0.009259259,0
332,DC,I3_A,0,0,0,0
333,DC,I1,0,0,0,0
334,DC,I4,0,0,0,0
335,DC,I5,0,0,0,0
336,DC,I6,0.008403361,0,0,0
337,DD,I2_P,0,0,0.023255814,0
338,DD,I3_P,0,0,0,0.005617978
339,DD,I2_A,0,0,0,0
340,DD,I3_A,0,0,0,0
341,DD,I1,0.016806723,0,0,0
342,DD,I4,0.008403361,0.006289308,0,0
343,DD,I5,0,0,0,0
344,DD,I6,0,0,0.008547009,0
345,DE,I2_P,0,0,0,0
346,DE,I3_P,0,0,0,0
347,DE,I2_A,0,0,0,0
348,DE,I3_A,0,0,0,0
349,DE,I1,0,0,0.008403361,0
350,DE,I4,0.016806723,0.012578616,0.008403361,0
351,DE,I5,0,0,0,0
352,DE,I6,0.008403361,0,0,0
353,DF,I2_P,0,0,0,0
354,DF,I3_P,0,0,0,0
355,DF,I2_A,0,0,0,0
356,DF,I3_A,0,0,0,0
357,DF,I1,0,0,0.016806723,0
358,DF,I4,0,0.012578616,0.016806723,0
359,DF,I5,0,0,0.008403361,0
360,DF,I6,0,0,0,0
361,DG,I2_P,0,0,0,0
362,DG,I3_P,0,0,0,0
363,DG,I2_A,0,0,0,0
364,DG,I3_A,0,0,0,0
365,DG,I1,0.016806723,0,0,0
366,DG,I4,0,0,0,0
367,DG,I5,0,0,0,0
368,DG,I6,0,0,0.008547009,0
369,DH,I2_P,0.018691589,0,0,0
370,DH,I3_P,0,0,0,0
371,DH,I2_A,0,0,0,0
372,DH,I3_A,0,0,0,0
373,DH,I1,0,0,0,0
374,DH,I4,0,0,0,0
375,DH,I5,0,0,0,0
376,DH,I6,0,0.006369427,0,0
377,DI,I2_P,0,0,0,0
378,DI,I3_P,0,0,0,0
379,DI,I2_A,0.007751938,0,0,0
380,DI,I3_A,0,0,0,0
381,DI,I1,0,0,0.016806723,0.012738854
382,DI,I4,0.016806723,0,0.016806723,0.012738854
383,DI,I5,0.025641026,0,0,0
384,DI,I6,0,0,0,0.006329114
385,DK,I2_P,0,0,0,0
386,DK,I3_P,0,0,0,0
387,DK,I2_A,0,0,0,0
388,DK,I3_A,0,0,0,0.006535948
389,DK,I1,0.016806723,0,0.016806723,0
390,DK,I4,0,0,0.016806723,0
391,DK,I5,0,0,0,0.006410256
392,DK,I6,0,0,0,0.006329114
393,DL,I2_P,0,0,0,0
394,DL,I3_P,0,0,0,0
395,DL,I2_A,0.007751938,0,0.018518519,0
396,DL,I3_A,0,0.005649718,0,0
397,DL,I1,0.016806723,0,0.008403361,0.006369427
398,DL,I4,0,0,0.008403361,0.006369427
399,DL,I5,0,0.006369427,0.042016807,0
400,DL,I6,0.025210084,0.025477707,0.017094017,0
401,DM,I2_P,0,0,0,0
402,DM,I3_P,0,0,0,0
403,DM,I2_A,0,0,0,0
404,DM,I3_A,0,0,0,0
405,DM,I1,0,0,0,0.006369427
406,DM,I4,0,0,0,0.006369427
407,DM,I5,0,0,0,0
408,DM,I6,0,0,0.008547009,0
409,DN,I2_P,0,0,0,0
410,DN,I3_P,0,0,0,0
411,DN,I2_A,0,0,0,0
412,DN,I3_A,0,0,0,0
413,DN,I1,0,0,0.008403361,0
414,DN,I4,0,0,0.008403361,0
415,DN,I5,0,0,0,0
416,DN,I6,0,0,0,0.012658228
417,DP,I2_P,0,0,0,0
418,DP,I3_P,0,0,0,0
419,DP,I2_A,0,0,0,0
420,DP,I3_A,0,0,0,0
421,DP,I1,0,0,0,0
422,DP,I4,0,0,0,0
423,DP,I5,0,0,0,0
424,DP,I6,0,0,0,0
425,DQ,I2_P,0,0,0,0
426,DQ,I3_P,0,0,0,0
427,DQ,I2_A,0,0,0,0
428,DQ,I3_A,0,0,0,0
429,DQ,I1,0,0,0.008403361,0.006369427
430,DQ,I4,0,0.037735849,0.008403361,0.006369427
431,DQ,I5,0,0,0,0
432,DQ,I6,0,0,0,0
433,DR,I2_P,0.018691589,0,0,0
434,DR,I3_P,0,0,0,0
435,DR,I2_A,0,0,0,0
436,DR,I3_A,0,0,0,0
437,DR,I1,0,0.012903226,0,0
438,DR,I4,0,0.012578616,0,0
439,DR,I5,0.017094017,0,0,0
440,DR,I6,0,0,0,0
441,DS,I2_P,0.018691589,0,0,0
442,DS,I3_P,0,0,0,0
443,DS,I2_A,0,0,0,0
444,DS,I3_A,0,0,0,0
445,DS,I1,0,0,0,0
446,DS,I4,0.016806723,0,0,0
447,DS,I5,0.008547009,0,0,0
448,DS,I6,0,0,0,0
449,DT,I2_P,0,0,0,0
450,DT,I3_P,0,0,0,0
451,DT,I2_A,0,0,0,0
452,DT,I3_A,0,0,0,0
453,DT,I1,0,0,0.008403361,0.006369427
454,DT,I4,0,0,0.008403361,0.006369427
455,DT,I5,0,0,0,0
456,DT,I6,0,0,0,0
457,DV,I2_P,0,0,0,0
458,DV,I3_P,0,0.013071895,0,0
459,DV,I2_A,0,0,0,0
460,DV,I3_A,0,0,0,0
461,DV,I1,0.016806723,0,0,0.006369427
462,DV,I4,0,0,0,0.006369427
463,DV,I5,0,0,0,0
464,DV,I6,0,0,0,0.006329114
465,DW,I2_P,0,0,0,0
466,DW,I3_P,0,0,0,0
467,DW,I2_A,0,0,0,0
468,DW,I3_A,0,0,0,0
469,DW,I1,0,0,0,0
470,DW,I4,0,0,0,0
471,DW,I5,0,0,0,0
472,DW,I6,0,0,0,0
473,DY,I2_P,0,0,0,0
474,DY,I3_P,0,0,0,0
475,DY,I2_A,0,0,0,0
476,DY,I3_A,0,0,0,0
477,DY,I1,0,0,0,0
478,DY,I4,0,0,0,0
479,DY,I5,0,0,0,0
480,DY,I6,0,0,0,0.012658228
481,EA,I2_P,0,0,0,0
482,EA,I3_P,0,0,0,0
483,EA,I2_A,0,0,0,0
484,EA,I3_A,0.015503876,0.005649718,0.009259259,0
485,EA,I1,0,0,0,0
486,EA,I4,0,0,0,0
487,EA,I5,0.008547009,0.012738854,0.008403361,0.019230769
488,EA,I6,0.008403361,0.025477707,0.025641026,0.006329114
489,EC,I2_P,0,0,0,0
490,EC,I3_P,0,0,0,0
491,EC,I2_A,0,0,0,0
492,EC,I3_A,0,0,0,0
493,EC,I1,0,0,0,0
494,EC,I4,0,0,0,0
495,EC,I5,0,0,0.016806723,0
496,EC,I6,0,0.006369427,0,0
497,ED,I2_P,0,0,0,0
498,ED,I3_P,0,0,0,0
499,ED,I2_A,0,0,0,0
500,ED,I3_A,0,0,0,0
501,ED,I1,0,0,0,0
502,ED,I4,0,0,0,0
503,ED,I5,0.008547009,0,0,0
504,ED,I6,0,0,0,0
505,EE,I2_P,0,0,0.031007752,0.011173184
506,EE,I3_P,0.009090909,0,0.06870229,0.033707865
507,EE,I2_A,0.007751938,0,0,0
508,EE,I3_A,0.007751938,0,0,0
509,EE,I1,0.058823529,0.070967742,0.033613445,0.057324841
510,EE,I4,0,0.119496855,0.033613445,0.057324841
511,EE,I5,0.008547009,0,0.016806723,0
512,EE,I6,0.008403361,0,0,0
513,EF,I2_P,0,0,0,0
514,EF,I3_P,0,0,0,0
515,EF,I2_A,0,0,0,0
516,EF,I3_A,0,0,0,0
517,EF,I1,0,0,0,0.006369427
518,EF,I4,0.016806723,0,0,0.006369427
519,EF,I5,0,0,0,0
520,EF,I6,0.008403361,0.006369427,0,0
521,EG,I2_P,0,0,0,0
522,EG,I3_P,0,0,0,0
523,EG,I2_A,0,0,0,0
524,EG,I3_A,0.007751938,0,0,0
525,EG,I1,0,0,0.008403361,0
526,EG,I4,0.016806723,0,0.008403361,0
527,EG,I5,0,0,0,0
528,EG,I6,0,0,0,0
529,EH,I2_P,0,0.013071895,0,0
530,EH,I3_P,0,0,0,0
531,EH,I2_A,0,0,0,0
532,EH,I3_A,0,0,0,0
533,EH,I1,0,0,0.025210084,0.006369427
534,EH,I4,0,0,0.025210084,0.006369427
535,EH,I5,0.008547009,0,0,0
536,EH,I6,0,0,0,0
537,EI,I2_P,0.018691589,0,0,0
538,EI,I3_P,0,0,0,0
539,EI,I2_A,0.007751938,0,0.018518519,0
540,EI,I3_A,0,0,0.009259259,0
541,EI,I1,0.016806723,0.012903226,0.025210084,0.006369427
542,EI,I4,0,0,0.025210084,0.006369427
543,EI,I5,0,0.01910828,0.033613445,0.006410256
544,EI,I6,0,0.012738854,0.05982906,0.03164557
545,EK,I2_P,0,0,0,0
546,EK,I3_P,0,0.013071895,0,0
547,EK,I2_A,0,0,0,0
548,EK,I3_A,0,0,0,0
549,EK,I1,0.016806723,0.064516129,0.025210084,0.063694268
550,EK,I4,0.050420168,0.088050314,0.025210084,0.063694268
551,EK,I5,0.017094017,0.012738854,0.008403361,0.006410256
552,EK,I6,0,0.025477707,0,0.025316456
553,EL,I2_P,0.018691589,0,0,0
554,EL,I3_P,0.018181818,0.013071895,0,0
555,EL,I2_A,0.015503876,0.005649718,0.009259259,0.006535948
556,EL,I3_A,0,0.005649718,0.018518519,0.013071895
557,EL,I1,0.016806723,0.012903226,0.016806723,0.038216561
558,EL,I4,0.016806723,0.037735849,0.016806723,0.038216561
559,EL,I5,0.051282051,0.038216561,0.067226891,0.128205128
560,EL,I6,0.067226891,0.101910828,0.025641026,0.056962025
561,EM,I2_P,0,0,0,0
562,EM,I3_P,0,0.013071895,0,0
563,EM,I2_A,0,0,0,0
564,EM,I3_A,0,0,0,0
565,EM,I1,0,0,0.025210084,0.012738854
566,EM,I4,0,0,0.025210084,0.012738854
567,EM,I5,0,0.012738854,0,0
568,EM,I6,0.008403361,0,0.008547009,0
569,EN,I2_P,0.018691589,0,0,0
570,EN,I3_P,0,0,0,0
571,EN,I2_A,0,0,0,0
572,EN,I3_A,0,0.005649718,0.009259259,0
573,EN,I1,0,0.038709677,0,0.012738854
574,EN,I4,0.016806723,0,0,0.012738854
575,EN,I5,0,0.006369427,0,0
576,EN,I6,0,0,0,0.050632911
577,EP,I2_P,0,0,0,0
578,EP,I3_P,0,0,0,0
579,EP,I2_A,0,0,0,0
580,EP,I3_A,0,0,0,0
581,EP,I1,0,0,0,0
582,EP,I4,0,0,0,0
583,EP,I5,0,0,0,0
584,EP,I6,0,0,0,0
585,EQ,I2_P,0,0,0,0
586,EQ,I3_P,0,0,0,0
587,EQ,I2_A,0,0,0,0
588,EQ,I3_A,0,0,0,0
589,EQ,I1,0.067226891,0.038709677,0.033613445,0.082802548
590,EQ,I4,0.033613445,0.025157233,0.033613445,0.082802548
591,EQ,I5,0.017094017,0.006369427,0.008403361,0.006410256
592,EQ,I6,0,0.006369427,0,0
593,ER,I2_P,0,0,0,0
594,ER,I3_P,0.036363636,0,0,0
595,ER,I2_A,0,0,0.009259259,0
596,ER,I3_A,0.007751938,0,0,0
597,ER,I1,0.067226891,0.038709677,0.033613445,0.025477707
598,ER,I4,0.084033613,0.012578616,0.033613445,0.025477707
599,ER,I5,0.025641026,0.01910828,0,0
600,ER,I6,0.008403361,0,0.008547009,0.03164557
601,ES,I2_P,0,0,0,0
602,ES,I3_P,0,0,0,0
603,ES,I2_A,0,0.005649718,0,0
604,ES,I3_A,0,0.005649718,0,0
605,ES,I1,0.050420168,0,0.008403361,0.01910828
606,ES,I4,0,0.012578616,0.008403361,0.01910828
607,ES,I5,0.017094017,0,0,0
608,ES,I6,0.008403361,0.006369427,0.008547009,0.006329114
609,ET,I2_P,0,0,0,0
610,ET,I3_P,0,0,0,0
611,ET,I2_A,0,0,0,0
612,ET,I3_A,0.007751938,0,0,0
613,ET,I1,0.016806723,0.012903226,0,0.031847134
614,ET,I4,0,0.025157233,0,0.031847134
615,ET,I5,0.017094017,0.006369427,0.008403361,0.012820513
616,ET,I6,0.008403361,0.025477707,0.008547009,0.006329114
617,EV,I2_P,0,0,0,0
618,EV,I3_P,0,0,0,0
619,EV,I2_A,0,0,0,0
620,EV,I3_A,0.023255814,0.011299435,0.009259259,0.013071895
621,EV,I1,0.016806723,0,0.025210084,0
622,EV,I4,0,0.012578616,0.025210084,0
623,EV,I5,0.017094017,0.050955414,0.025210084,0.006410256
624,EV,I6,0.016806723,0.01910828,0,0.03164557
625,EW,I2_P,0,0,0,0
626,EW,I3_P,0,0,0,0
627,EW,I2_A,0,0,0,0
628,EW,I3_A,0,0,0,0
629,EW,I1,0,0,0,0
630,EW,I4,0,0,0,0
631,EW,I5,0,0,0,0
632,EW,I6,0,0,0,0
633,EY,I2_P,0.018691589,0,0,0
634,EY,I3_P,0,0.013071895,0,0
635,EY,I2_A,0,0,0,0
636,EY,I3_A,0,0,0,0
637,EY,I1,0,0,0,0
638,EY,I4,0,0,0,0
639,EY,I5,0,0,0,0
640,EY,I6,0,0.01910828,0,0
641,FA,I2_P,0,0,0,0
642,FA,I3_P,0,0,0,0
643,FA,I2_A,0,0,0,0.006535948
644,FA,I3_A,0.023255814,0.005649718,0.027777778,0.006535948
645,FA,I1,0,0,0,0
646,FA,I4,0,0,0,0
647,FA,I5,0,0,0,0
648,FA,I6,0,0.006369427,0,0
649,FC,I2_P,0,0,0,0
650,FC,I3_P,0,0,0,0
651,FC,I2_A,0,0,0,0
652,FC,I3_A,0,0,0,0
653,FC,I1,0,0,0,0
654,FC,I4,0,0,0,0
655,FC,I5,0,0,0.008403361,0
656,FC,I6,0.008403361,0,0,0
657,FD,I2_P,0,0,0,0
658,FD,I3_P,0,0,0,0
659,FD,I2_A,0,0,0,0
660,FD,I3_A,0,0,0,0
661,FD,I1,0,0,0,0
662,FD,I4,0,0,0,0
663,FD,I5,0.008547009,0,0,0
664,FD,I6,0,0,0,0
665,FE,I2_P,0,0,0,0
666,FE,I3_P,0,0,0,0
667,FE,I2_A,0,0,0,0
668,FE,I3_A,0,0,0,0
669,FE,I1,0,0,0,0
670,FE,I4,0,0,0,0
671,FE,I5,0,0,0.008403361,0
672,FE,I6,0,0.006369427,0,0
673,FF,I2_P,0,0,0.007751938,0.027932961
674,FF,I3_P,0.036363636,0.006535948,0.053435115,0.028089888
675,FF,I2_A,0,0.005649718,0,0.006535948
676,FF,I3_A,0,0.005649718,0,0.006535948
677,FF,I1,0.008403361,0,0,0
678,FF,I4,0,0.006289308,0,0
679,FF,I5,0,0,0,0
680,FF,I6,0,0.006369427,0,0.006329114
681,FG,I2_P,0,0,0,0
682,FG,I3_P,0,0,0,0
683,FG,I2_A,0,0,0,0
684,FG,I3_A,0,0,0,0
685,FG,I1,0,0,0,0
686,FG,I4,0,0,0,0
687,FG,I5,0.008547009,0,0,0
688,FG,I6,0,0,0,0
689,FH,I2_P,0,0,0,0
690,FH,I3_P,0,0,0,0
691,FH,I2_A,0,0,0,0
692,FH,I3_A,0,0,0,0
693,FH,I1,0,0,0.008403361,0.006369427
694,FH,I4,0,0.012578616,0.008403361,0.006369427
695,FH,I5,0,0,0,0
696,FH,I6,0,0,0.008547009,0
697,FI,I2_P,0,0,0,0
698,FI,I3_P,0,0.026143791,0,0
699,FI,I2_A,0.007751938,0.005649718,0,0.006535948
700,FI,I3_A,0.007751938,0,0,0
701,FI,I1,0,0,0,0
702,FI,I4,0,0,0,0
703,FI,I5,0,0,0,0
704,FI,I6,0,0,0,0.006329114
705,FK,I2_P,0.018691589,0,0,0
706,FK,I3_P,0,0,0,0
707,FK,I2_A,0,0.005649718,0,0
708,FK,I3_A,0,0,0,0
709,FK,I1,0,0.012903226,0,0.006369427
710,FK,I4,0,0,0,0.006369427
711,FK,I5,0,0,0,0
712,FK,I6,0,0.006369427,0,0
713,FL,I2_P,0,0.013071895,0,0
714,FL,I3_P,0,0.013071895,0,0
715,FL,I2_A,0,0.005649718,0,0.006535948
716,FL,I3_A,0.015503876,0.005649718,0,0.006535948
717,FL,I1,0.016806723,0,0,0
718,FL,I4,0,0,0,0
719,FL,I5,0.008547009,0,0.008403361,0
720,FL,I6,0.008403361,0.006369427,0,0.006329114
721,FM,I2_P,0,0,0,0
722,FM,I3_P,0,0,0,0
723,FM,I2_A,0,0,0,0
724,FM,I3_A,0,0,0.009259259,0
725,FM,I1,0,0,0,0
726,FM,I4,0,0.012578616,0,0
727,FM,I5,0,0,0.008403361,0
728,FM,I6,0,0,0,0
729,FN,I2_P,0,0.039215686,0,0
730,FN,I3_P,0,0,0,0
731,FN,I2_A,0,0,0,0
732,FN,I3_A,0,0.005649718,0,0
733,FN,I1,0,0,0,0
734,FN,I4,0,0,0,0
735,FN,I5,0,0,0,0
736,FN,I6,0,0,0,0
737,FP,I2_P,0,0,0,0
738,FP,I3_P,0,0,0,0
739,FP,I2_A,0,0,0,0
740,FP,I3_A,0,0,0,0
741,FP,I1,0,0,0,0
742,FP,I4,0,0,0,0
743,FP,I5,0,0,0,0
744,FP,I6,0,0,0,0
745,FQ,I2_P,0,0,0,0
746,FQ,I3_P,0.018181818,0,0,0
747,FQ,I2_A,0,0,0,0
748,FQ,I3_A,0,0,0.009259259,0
749,FQ,I1,0,0,0,0.006369427
750,FQ,I4,0,0,0,0.006369427
751,FQ,I5,0.008547009,0,0,0
752,FQ,I6,0,0,0,0
753,FR,I2_P,0,0,0,0
754,FR,I3_P,0,0,0,0
755,FR,I2_A,0,0,0,0
756,FR,I3_A,0,0,0,0
757,FR,I1,0,0,0,0.006369427
758,FR,I4,0,0.012578616,0,0.006369427
759,FR,I5,0,0,0,0
760,FR,I6,0,0,0,0
761,FS,I2_P,0,0,0,0
762,FS,I3_P,0.018181818,0,0,0
763,FS,I2_A,0,0,0,0
764,FS,I3_A,0.007751938,0,0.009259259,0
765,FS,I1,0.016806723,0,0,0
766,FS,I4,0,0,0,0
767,FS,I5,0,0,0,0
768,FS,I6,0,0,0.008547009,0.006329114
769,FT,I2_P,0,0,0,0
770,FT,I3_P,0,0,0,0
771,FT,I2_A,0,0,0,0
772,FT,I3_A,0,0,0,0
773,FT,I1,0,0,0.008403361,0.006369427
774,FT,I4,0,0,0.008403361,0.006369427
775,FT,I5,0,0,0,0
776,FT,I6,0,0,0,0
777,FV,I2_P,0,0.013071895,0,0
778,FV,I3_P,0.018181818,0,0,0
779,FV,I2_A,0,0,0.009259259,0.006535948
780,FV,I3_A,0,0.005649718,0,0
781,FV,I1,0.016806723,0,0,0
782,FV,I4,0.016806723,0,0,0
783,FV,I5,0,0.006369427,0,0
784,FV,I6,0,0,0,0.006329114
785,FW,I2_P,0,0,0,0
786,FW,I3_P,0,0,0,0
787,FW,I2_A,0,0,0,0
788,FW,I3_A,0,0,0,0
789,FW,I1,0,0,0,0
790,FW,I4,0,0,0,0
791,FW,I5,0,0,0,0
792,FW,I6,0,0,0,0
793,FY,I2_P,0,0,0,0
794,FY,I3_P,0,0,0,0
795,FY,I2_A,0,0,0,0
796,FY,I3_A,0,0,0,0.006535948
797,FY,I1,0,0,0,0
798,FY,I4,0,0,0,0
799,FY,I5,0,0,0,0.006410256
800,FY,I6,0,0,0,0
801,GA,I2_P,0,0,0,0
802,GA,I3_P,0,0,0,0
803,GA,I2_A,0,0,0,0
804,GA,I3_A,0,0,0,0
805,GA,I1,0,0,0,0
806,GA,I4,0,0,0,0
807,GA,I5,0,0,0.008403361,0
808,GA,I6,0,0,0,0
809,GC,I2_P,0,0,0,0
810,GC,I3_P,0,0,0,0
811,GC,I2_A,0,0,0,0
812,GC,I3_A,0,0,0,0
813,GC,I1,0,0,0,0
814,GC,I4,0,0,0,0
815,GC,I5,0,0,0,0
816,GC,I6,0,0,0,0
817,GD,I2_P,0,0,0,0
818,GD,I3_P,0,0,0,0
819,GD,I2_A,0,0,0,0
820,GD,I3_A,0,0,0,0
821,GD,I1,0,0,0,0
822,GD,I4,0,0,0,0
823,GD,I5,0,0,0,0
824,GD,I6,0,0,0,0
825,GE,I2_P,0,0,0,0
826,GE,I3_P,0,0,0,0
827,GE,I2_A,0.007751938,0,0,0
828,GE,I3_A,0,0,0,0
829,GE,I1,0,0,0,0
830,GE,I4,0,0,0,0
831,GE,I5,0.008547009,0,0,0
832,GE,I6,0.008403361,0,0,0
833,GF,I2_P,0,0,0,0
834,GF,I3_P,0,0,0,0
835,GF,I2_A,0,0,0,0
836,GF,I3_A,0,0,0,0
837,GF,I1,0,0,0,0
838,GF,I4,0,0,0,0
839,GF,I5,0,0.006369427,0,0
840,GF,I6,0,0,0,0
841,GG,I2_P,0,0,0.007751938,0
842,GG,I3_P,0,0,0,0
843,GG,I2_A,0,0,0,0
844,GG,I3_A,0,0,0,0
845,GG,I1,0.008403361,0,0,0
846,GG,I4,0,0,0,0
847,GG,I5,0,0,0,0
848,GG,I6,0,0,0,0
849,GH,I2_P,0,0,0,0
850,GH,I3_P,0,0,0,0
851,GH,I2_A,0,0,0,0
852,GH,I3_A,0,0,0,0
853,GH,I1,0,0,0,0
854,GH,I4,0,0,0,0
855,GH,I5,0,0,0,0
856,GH,I6,0,0,0,0
857,GI,I2_P,0,0,0,0
858,GI,I3_P,0,0,0,0
859,GI,I2_A,0,0,0,0
860,GI,I3_A,0,0,0,0
861,GI,I1,0.016806723,0,0,0
862,GI,I4,0,0,0,0
863,GI,I5,0,0.006369427,0.008403361,0.006410256
864,GI,I6,0,0,0,0
865,GK,I2_P,0,0,0,0
866,GK,I3_P,0,0,0,0
867,GK,I2_A,0,0,0,0
868,GK,I3_A,0,0,0,0
869,GK,I1,0,0,0,0
870,GK,I4,0,0,0,0
871,GK,I5,0.008547009,0,0,0
872,GK,I6,0,0,0,0
873,GL,I2_P,0.018691589,0,0,0
874,GL,I3_P,0,0,0,0
875,GL,I2_A,0,0,0,0
876,GL,I3_A,0,0,0,0
877,GL,I1,0,0.012903226,0.025210084,0.012738854
878,GL,I4,0,0,0.025210084,0.012738854
879,GL,I5,0,0,0.008403361,0.006410256
880,GL,I6,0,0,0,0
881,GM,I2_P,0,0,0,0
882,GM,I3_P,0,0,0,0
883,GM,I2_A,0,0,0,0
884,GM,I3_A,0,0,0,0
885,GM,I1,0,0,0,0
886,GM,I4,0,0,0,0
887,GM,I5,0,0,0,0
888,GM,I6,0,0,0,0
889,GN,I2_P,0,0,0,0
890,GN,I3_P,0,0,0,0
891,GN,I2_A,0,0,0,0
892,GN,I3_A,0,0,0,0
893,GN,I1,0,0,0,0
894,GN,I4,0,0,0,0
895,GN,I5,0,0,0,0
896,GN,I6,0,0,0,0
897,GP,I2_P,0,0,0,0
898,GP,I3_P,0,0,0,0
899,GP,I2_A,0,0,0,0
900,GP,I3_A,0,0,0,0
901,GP,I1,0,0,0,0
902,GP,I4,0,0,0,0
903,GP,I5,0,0,0,0
904,GP,I6,0,0,0,0
905,GQ,I2_P,0,0,0,0
906,GQ,I3_P,0,0,0,0
907,GQ,I2_A,0,0,0,0
908,GQ,I3_A,0,0,0,0
909,GQ,I1,0,0,0,0
910,GQ,I4,0,0,0,0
911,GQ,I5,0,0,0,0
912,GQ,I6,0,0,0,0
913,GR,I2_P,0,0,0,0
914,GR,I3_P,0,0,0,0
915,GR,I2_A,0,0,0,0
916,GR,I3_A,0,0,0,0
917,GR,I1,0,0,0,0
918,GR,I4,0,0,0,0
919,GR,I5,0,0,0,0
920,GR,I6,0,0,0,0
921,GS,I2_P,0,0,0,0
922,GS,I3_P,0,0,0,0
923,GS,I2_A,0,0,0,0
924,GS,I3_A,0,0,0,0
925,GS,I1,0,0,0,0
926,GS,I4,0,0,0,0
927,GS,I5,0,0,0,0
928,GS,I6,0,0,0,0
929,GT,I2_P,0,0,0,0
930,GT,I3_P,0,0,0,0
931,GT,I2_A,0,0,0,0
932,GT,I3_A,0,0,0,0
933,GT,I1,0,0,0,0
934,GT,I4,0,0,0,0
935,GT,I5,0,0,0,0
936,GT,I6,0,0,0,0
937,GV,I2_P,0,0,0,0
938,GV,I3_P,0,0,0,0
939,GV,I2_A,0,0,0,0
940,GV,I3_A,0,0,0,0
941,GV,I1,0,0,0,0
942,GV,I4,0,0,0,0
943,GV,I5,0,0,0,0
944,GV,I6,0,0,0.008547009,0
945,GW,I2_P,0,0,0,0
946,GW,I3_P,0,0,0,0
947,GW,I2_A,0,0,0,0
948,GW,I3_A,0,0,0,0
949,GW,I1,0,0,0,0
950,GW,I4,0,0,0,0
951,GW,I5,0,0,0,0
952,GW,I6,0,0,0,0
953,GY,I2_P,0,0,0,0
954,GY,I3_P,0,0,0,0
955,GY,I2_A,0,0,0,0
956,GY,I3_A,0,0,0,0
957,GY,I1,0,0,0,0
958,GY,I4,0,0,0,0
959,GY,I5,0.008547009,0,0,0
960,GY,I6,0,0,0,0
961,HA,I2_P,0,0,0,0
962,HA,I3_P,0,0,0,0
963,HA,I2_A,0,0,0,0
964,HA,I3_A,0,0,0,0.006535948
965,HA,I1,0,0,0,0
966,HA,I4,0,0,0,0
967,HA,I5,0,0,0.008403361,0
968,HA,I6,0,0,0,0
969,HC,I2_P,0,0,0,0
970,HC,I3_P,0,0,0,0
971,HC,I2_A,0.015503876,0,0,0
972,HC,I3_A,0,0,0,0
973,HC,I1,0,0,0,0
974,HC,I4,0,0,0,0
975,HC,I5,0,0,0,0
976,HC,I6,0,0,0,0
977,HD,I2_P,0,0,0,0
978,HD,I3_P,0,0,0,0
979,HD,I2_A,0,0,0,0
980,HD,I3_A,0,0,0,0
981,HD,I1,0,0,0,0
982,HD,I4,0,0,0,0
983,HD,I5,0,0,0,0
984,HD,I6,0,0,0,0
985,HE,I2_P,0,0,0,0
986,HE,I3_P,0,0,0,0
987,HE,I2_A,0,0,0,0
988,HE,I3_A,0,0,0,0
989,HE,I1,0,0,0,0
990,HE,I4,0,0,0,0
991,HE,I5,0,0.006369427,0,0
992,HE,I6,0,0,0,0
993,HF,I2_P,0,0,0,0
994,HF,I3_P,0,0,0,0
995,HF,I2_A,0,0,0,0
996,HF,I3_A,0,0,0,0
997,HF,I1,0,0,0,0
998,HF,I4,0,0,0,0
999,HF,I5,0,0,0,0.006410256
1000,HF,I6,0,0,0,0
1001,HG,I2_P,0,0,0,0
1002,HG,I3_P,0,0,0,0
1003,HG,I2_A,0,0,0,0
1004,HG,I3_A,0,0,0,0
1005,HG,I1,0,0,0,0
1006,HG,I4,0,0,0,0
1007,HG,I5,0,0,0,0
1008,HG,I6,0,0,0,0
1009,HH,I2_P,0,0,0.031007752,0.005586592
1010,HH,I3_P,0,0,0.015267176,0.011235955
1011,HH,I2_A,0,0,0,0
1012,HH,I3_A,0,0,0,0
1013,HH,I1,0.008403361,0,0,0
1014,HH,I4,0,0,0,0
1015,HH,I5,0,0,0,0.006410256
1016,HH,I6,0,0,0,0
1017,HI,I2_P,0,0,0,0
1018,HI,I3_P,0,0,0,0
1019,HI,I2_A,0,0,0,0
1020,HI,I3_A,0,0,0,0
1021,HI,I1,0,0,0,0
1022,HI,I4,0,0,0,0
1023,HI,I5,0,0,0,0
1024,HI,I6,0,0,0.008547009,0
1025,HK,I2_P,0,0,0,0
1026,HK,I3_P,0,0.013071895,0,0
1027,HK,I2_A,0,0,0,0
1028,HK,I3_A,0,0,0,0
1029,HK,I1,0,0,0,0.006369427
1030,HK,I4,0.016806723,0,0,0.006369427
1031,HK,I5,0,0,0,0
1032,HK,I6,0,0,0,0
1033,HL,I2_P,0,0,0,0
1034,HL,I3_P,0.036363636,0,0,0
1035,HL,I2_A,0.007751938,0.005649718,0.018518519,0.006535948
1036,HL,I3_A,0,0.005649718,0.018518519,0
1037,HL,I1,0,0,0.008403361,0.006369427
1038,HL,I4,0,0,0.008403361,0.006369427
1039,HL,I5,0.008547009,0.006369427,0,0.006410256
1040,HL,I6,0.016806723,0,0,0.006329114
1041,HM,I2_P,0,0,0,0
1042,HM,I3_P,0,0,0,0
1043,HM,I2_A,0,0,0,0
1044,HM,I3_A,0,0,0,0
1045,HM,I1,0,0,0,0
1046,HM,I4,0.016806723,0,0,0
1047,HM,I5,0,0,0,0
1048,HM,I6,0,0.006369427,0,0
1049,HN,I2_P,0,0,0,0
1050,HN,I3_P,0,0,0,0
1051,HN,I2_A,0,0,0,0
1052,HN,I3_A,0.007751938,0,0,0
1053,HN,I1,0,0.012903226,0,0
1054,HN,I4,0,0,0,0
1055,HN,I5,0,0.006369427,0,0
1056,HN,I6,0,0,0,0
1057,HP,I2_P,0,0,0,0
1058,HP,I3_P,0,0,0,0
1059,HP,I2_A,0,0,0,0
1060,HP,I3_A,0,0,0,0
1061,HP,I1,0,0,0,0
1062,HP,I4,0,0,0,0
1063,HP,I5,0,0,0,0
1064,HP,I6,0,0,0,0
1065,HQ,I2_P,0,0,0,0
1066,HQ,I3_P,0,0,0,0
1067,HQ,I2_A,0,0,0,0
1068,HQ,I3_A,0,0,0,0
1069,HQ,I1,0.016806723,0.025806452,0,0
1070,HQ,I4,0,0,0,0
1071,HQ,I5,0.008547009,0,0,0
1072,HQ,I6,0,0,0.008547009,0
1073,HR,I2_P,0,0,0,0
1074,HR,I3_P,0,0,0,0
1075,HR,I2_A,0,0,0,0
1076,HR,I3_A,0,0,0,0
1077,HR,I1,0.016806723,0,0,0
1078,HR,I4,0,0,0,0
1079,HR,I5,0,0,0,0
1080,HR,I6,0,0,0,0
1081,HS,I2_P,0,0,0,0
1082,HS,I3_P,0,0,0,0
1083,HS,I2_A,0,0,0,0
1084,HS,I3_A,0,0,0,0
1085,HS,I1,0,0,0,0
1086,HS,I4,0,0,0,0
1087,HS,I5,0.008547009,0,0,0.006410256
1088,HS,I6,0,0,0,0
1089,HT,I2_P,0,0,0,0
1090,HT,I3_P,0,0,0,0
1091,HT,I2_A,0,0,0,0
1092,HT,I3_A,0.007751938,0,0,0
1093,HT,I1,0,0,0,0
1094,HT,I4,0,0,0,0
1095,HT,I5,0,0,0.008403361,0
1096,HT,I6,0,0,0,0
1097,HV,I2_P,0,0,0,0
1098,HV,I3_P,0,0,0,0
1099,HV,I2_A,0.007751938,0,0,0
1100,HV,I3_A,0,0.005649718,0,0
1101,HV,I1,0,0,0,0.006369427
1102,HV,I4,0,0,0,0.006369427
1103,HV,I5,0,0.006369427,0.008403361,0
1104,HV,I6,0,0,0,0
1105,HW,I2_P,0,0,0,0
1106,HW,I3_P,0,0,0,0
1107,HW,I2_A,0,0,0,0
1108,HW,I3_A,0,0,0,0
1109,HW,I1,0,0,0,0
1110,HW,I4,0,0,0,0
1111,HW,I5,0,0,0,0
1112,HW,I6,0,0,0,0
1113,HY,I2_P,0,0,0,0
1114,HY,I3_P,0,0,0,0
1115,HY,I2_A,0,0,0,0
1116,HY,I3_A,0,0,0,0
1117,HY,I1,0,0,0,0
1118,HY,I4,0,0,0,0
1119,HY,I5,0,0,0,0
1120,HY,I6,0,0,0,0
1121,IA,I2_P,0,0,0,0
1122,IA,I3_P,0,0,0,0
1123,IA,I2_A,0,0.016949153,0,0
1124,IA,I3_A,0,0.028248588,0,0.026143791
1125,IA,I1,0,0,0,0
1126,IA,I4,0,0,0,0
1127,IA,I5,0,0,0,0.006410256
1128,IA,I6,0.008403361,0,0.034188034,0.025316456
1129,IC,I2_P,0,0,0,0
1130,IC,I3_P,0,0,0,0
1131,IC,I2_A,0,0,0,0.006535948
1132,IC,I3_A,0,0,0,0
1133,IC,I1,0,0,0,0
1134,IC,I4,0,0,0,0
1135,IC,I5,0,0,0,0
1136,IC,I6,0.016806723,0,0,0
1137,ID,I2_P,0,0,0,0
1138,ID,I3_P,0,0,0,0
1139,ID,I2_A,0,0,0,0
1140,ID,I3_A,0.007751938,0,0,0
1141,ID,I1,0,0,0,0
1142,ID,I4,0,0,0,0
1143,ID,I5,0,0,0,0
1144,ID,I6,0,0,0,0
1145,IE,I2_P,0,0,0,0
1146,IE,I3_P,0,0,0,0
1147,IE,I2_A,0,0,0.009259259,0
1148,IE,I3_A,0.007751938,0,0.018518519,0
1149,IE,I1,0,0,0,0
1150,IE,I4,0,0,0,0
1151,IE,I5,0,0,0,0.006410256
1152,IE,I6,0,0,0.008547009,0
1153,IF,I2_P,0,0,0,0
1154,IF,I3_P,0,0,0,0
1155,IF,I2_A,0.007751938,0,0,0
1156,IF,I3_A,0.007751938,0.005649718,0,0.006535948
1157,IF,I1,0,0,0,0
1158,IF,I4,0,0,0,0
1159,IF,I5,0,0,0,0
1160,IF,I6,0.025210084,0.006369427,0,0.006329114
1161,IG,I2_P,0,0,0,0
1162,IG,I3_P,0,0,0,0
1163,IG,I2_A,0,0,0,0
1164,IG,I3_A,0,0,0,0
1165,IG,I1,0,0,0,0
1166,IG,I4,0,0,0,0
1167,IG,I5,0,0,0,0
1168,IG,I6,0,0,0,0
1169,IH,I2_P,0,0,0,0
1170,IH,I3_P,0,0,0,0
1171,IH,I2_A,0,0,0,0
1172,IH,I3_A,0,0,0,0
1173,IH,I1,0,0,0,0
1174,IH,I4,0,0,0,0
1175,IH,I5,0,0,0,0
1176,IH,I6,0,0,0.008547009,0
1177,II,I2_P,0.08411215,0.039215686,0.178294574,0.122905028
1178,II,I3_P,0.018181818,0.026143791,0.099236641,0.078651685
1179,II,I2_A,0,0,0.027777778,0.006535948
1180,II,I3_A,0,0,0.027777778,0.006535948
1181,II,I1,0.025210084,0,0,0.006369427
1182,II,I4,0.084033613,0.018867925,0,0.006369427
1183,II,I5,0.017094017,0,0,0.006410256
1184,II,I6,0.025210084,0.038216561,0.008547009,0.006329114
1185,IK,I2_P,0.018691589,0,0,0
1186,IK,I3_P,0,0,0,0
1187,IK,I2_A,0,0,0,0
1188,IK,I3_A,0.023255814,0,0.037037037,0.006535948
1189,IK,I1,0,0.025806452,0.067226891,0.025477707
1190,IK,I4,0.016806723,0,0.067226891,0.025477707
1191,IK,I5,0.017094017,0,0,0
1192,IK,I6,0,0,0.017094017,0
1193,IL,I2_P,0.018691589,0.052287582,0,0
1194,IL,I3_P,0.127272727,0.039215686,0,0
1195,IL,I2_A,0.131782946,0.084745763,0.101851852,0.111111111
1196,IL,I3_A,0.007751938,0.02259887,0.009259259,0.026143791
1197,IL,I1,0,0.012903226,0.033613445,0.006369427
1198,IL,I4,0.016806723,0.050314465,0.033613445,0.006369427
1199,IL,I5,0.017094017,0.012738854,0.025210084,0.012820513
1200,IL,I6,0.016806723,0.006369427,0.017094017,0.006329114
1201,IM,I2_P,0,0.013071895,0,0
1202,IM,I3_P,0.036363636,0,0,0
1203,IM,I2_A,0,0,0.009259259,0
1204,IM,I3_A,0.007751938,0,0.009259259,0
1205,IM,I1,0.016806723,0,0,0
1206,IM,I4,0,0,0,0
1207,IM,I5,0,0,0.008403361,0
1208,IM,I6,0.008403361,0,0,0
1209,IN,I2_P,0,0.052287582,0,0
1210,IN,I3_P,0,0,0,0
1211,IN,I2_A,0,0,0,0.006535948
1212,IN,I3_A,0.007751938,0,0,0
1213,IN,I1,0.016806723,0,0,0
1214,IN,I4,0,0,0,0
1215,IN,I5,0,0.012738854,0,0
1216,IN,I6,0,0,0.008547009,0
1217,IP,I2_P,0,0,0,0
1218,IP,I3_P,0,0,0,0
1219,IP,I2_A,0,0,0,0
1220,IP,I3_A,0,0,0,0
1221,IP,I1,0,0,0,0
1222,IP,I4,0,0,0,0
1223,IP,I5,0,0,0,0
1224,IP,I6,0,0,0,0
1225,IQ,I2_P,0.018691589,0,0,0
1226,IQ,I3_P,0,0.013071895,0,0
1227,IQ,I2_A,0,0.005649718,0,0
1228,IQ,I3_A,0,0.005649718,0,0
1229,IQ,I1,0,0,0,0.006369427
1230,IQ,I4,0,0,0,0.006369427
1231,IQ,I5,0,0,0,0
1232,IQ,I6,0,0,0,0
1233,IR,I2_P,0.037383178,0.013071895,0,0
1234,IR,I3_P,0,0,0,0
1235,IR,I2_A,0.015503876,0,0,0
1236,IR,I3_A,0.007751938,0,0.009259259,0
1237,IR,I1,0,0.025806452,0.025210084,0
1238,IR,I4,0,0,0.025210084,0
1239,IR,I5,0.008547009,0,0,0
1240,IR,I6,0.008403361,0,0.008547009,0
1241,IS,I2_P,0,0.013071895,0,0
1242,IS,I3_P,0,0,0,0
1243,IS,I2_A,0.007751938,0,0.009259259,0
1244,IS,I3_A,0,0,0,0
1245,IS,I1,0,0,0,0
1246,IS,I4,0,0,0,0
1247,IS,I5,0,0,0.008403361,0
1248,IS,I6,0,0,0.008547009,0
1249,IT,I2_P,0,0,0,0
1250,IT,I3_P,0,0.026143791,0,0
1251,IT,I2_A,0,0.005649718,0,0
1252,IT,I3_A,0,0.005649718,0,0
1253,IT,I1,0,0,0,0
1254,IT,I4,0,0.012578616,0,0
1255,IT,I5,0,0,0.008403361,0
1256,IT,I6,0.008403361,0,0,0.006329114
1257,IV,I2_P,0.037383178,0.013071895,0,0
1258,IV,I3_P,0.018181818,0,0,0
1259,IV,I2_A,0.015503876,0.005649718,0,0
1260,IV,I3_A,0.007751938,0.011299435,0.009259259,0.006535948
1261,IV,I1,0,0,0.008403361,0
1262,IV,I4,0.016806723,0,0.008403361,0
1263,IV,I5,0,0.012738854,0.008403361,0.006410256
1264,IV,I6,0,0,0,0
1265,IW,I2_P,0,0,0,0
1266,IW,I3_P,0,0,0,0
1267,IW,I2_A,0,0,0,0
1268,IW,I3_A,0,0,0,0
1269,IW,I1,0,0,0,0
1270,IW,I4,0,0,0,0
1271,IW,I5,0,0,0,0
1272,IW,I6,0,0,0,0
1273,IY,I2_P,0,0.013071895,0,0
1274,IY,I3_P,0,0,0,0
1275,IY,I2_A,0,0.005649718,0.009259259,0.006535948
1276,IY,I3_A,0.007751938,0,0,0.006535948
1277,IY,I1,0,0,0,0.006369427
1278,IY,I4,0,0,0,0.006369427
1279,IY,I5,0,0,0,0
1280,IY,I6,0,0,0,0
1281,KA,I2_P,0,0,0,0
1282,KA,I3_P,0,0,0,0
1283,KA,I2_A,0.015503876,0.005649718,0,0
1284,KA,I3_A,0,0.011299435,0,0.006535948
1285,KA,I1,0,0,0,0
1286,KA,I4,0,0,0,0
1287,KA,I5,0.034188034,0.031847134,0,0.012820513
1288,KA,I6,0,0.006369427,0.008547009,0
1289,KC,I2_P,0,0,0,0
1290,KC,I3_P,0,0,0,0
1291,KC,I2_A,0,0,0,0
1292,KC,I3_A,0,0,0,0
1293,KC,I1,0,0,0,0
1294,KC,I4,0,0,0,0
1295,KC,I5,0,0,0,0
1296,KC,I6,0,0,0,0
1297,KD,I2_P,0,0,0,0
1298,KD,I3_P,0,0,0,0
1299,KD,I2_A,0,0,0,0.006535948
1300,KD,I3_A,0,0,0,0
1301,KD,I1,0,0,0,0
1302,KD,I4,0,0,0,0
1303,KD,I5,0,0,0,0
1304,KD,I6,0,0,0.008547009,0
1305,KE,I2_P,0,0,0,0
1306,KE,I3_P,0,0,0,0
1307,KE,I2_A,0,0,0,0
1308,KE,I3_A,0,0,0,0
1309,KE,I1,0,0,0,0
1310,KE,I4,0,0,0,0
1311,KE,I5,0,0,0.008403361,0
1312,KE,I6,0.008403361,0,0,0
1313,KF,I2_P,0,0,0,0
1314,KF,I3_P,0,0,0,0
1315,KF,I2_A,0,0,0,0
1316,KF,I3_A,0,0.005649718,0,0
1317,KF,I1,0,0,0,0
1318,KF,I4,0,0,0,0
1319,KF,I5,0,0,0.025210084,0.006410256
1320,KF,I6,0,0,0,0
1321,KG,I2_P,0,0,0,0
1322,KG,I3_P,0,0,0,0
1323,KG,I2_A,0,0,0,0
1324,KG,I3_A,0,0,0,0
1325,KG,I1,0,0,0,0
1326,KG,I4,0,0,0,0
1327,KG,I5,0,0,0,0
1328,KG,I6,0,0,0,0
1329,KH,I2_P,0,0,0,0
1330,KH,I3_P,0,0,0,0
1331,KH,I2_A,0,0,0,0
1332,KH,I3_A,0,0,0,0
1333,KH,I1,0,0,0,0
1334,KH,I4,0,0,0,0
1335,KH,I5,0,0,0.008403361,0.006410256
1336,KH,I6,0,0,0,0
1337,KI,I2_P,0,0,0,0
1338,KI,I3_P,0,0,0,0
1339,KI,I2_A,0.023255814,0,0.037037037,0.006535948
1340,KI,I3_A,0,0,0,0
1341,KI,I1,0,0,0,0
1342,KI,I4,0,0,0,0
1343,KI,I5,0.034188034,0.012738854,0.016806723,0.032051282
1344,KI,I6,0.016806723,0.012738854,0.025641026,0.012658228
1345,KK,I2_P,0.018691589,0,0.062015504,0.033519553
1346,KK,I3_P,0,0.013071895,0.007633588,0.04494382
1347,KK,I2_A,0,0,0,0
1348,KK,I3_A,0,0,0,0
1349,KK,I1,0.033613445,0.058064516,0.008403361,0.025477707
1350,KK,I4,0.008403361,0.025157233,0.008403361,0.025477707
1351,KK,I5,0.008547009,0.006369427,0,0
1352,KK,I6,0.008403361,0,0.008547009,0
1353,KL,I2_P,0.018691589,0.052287582,0,0
1354,KL,I3_P,0,0.013071895,0,0
1355,KL,I2_A,0.007751938,0.005649718,0.018518519,0.026143791
1356,KL,I3_A,0,0.016949153,0.009259259,0.032679739
1357,KL,I1,0,0.012903226,0.008403361,0.025477707
1358,KL,I4,0.033613445,0.012578616,0.008403361,0.025477707
1359,KL,I5,0.008547009,0.044585987,0.033613445,0.096153846
1360,KL,I6,0.042016807,0.082802548,0.008547009,0.03164557
1361,KM,I2_P,0,0,0,0
1362,KM,I3_P,0,0,0,0
1363,KM,I2_A,0,0,0,0
1364,KM,I3_A,0,0,0,0
1365,KM,I1,0,0,0,0
1366,KM,I4,0,0.012578616,0,0
1367,KM,I5,0,0,0,0
1368,KM,I6,0,0,0,0
1369,KN,I2_P,0,0,0,0
1370,KN,I3_P,0,0,0,0
1371,KN,I2_A,0,0,0,0
1372,KN,I3_A,0,0.005649718,0,0.006535948
1373,KN,I1,0,0,0,0
1374,KN,I4,0,0,0,0
1375,KN,I5,0,0.025477707,0,0
1376,KN,I6,0,0.006369427,0,0.006329114
1377,KP,I2_P,0,0,0,0
1378,KP,I3_P,0,0,0,0
1379,KP,I2_A,0,0,0,0
1380,KP,I3_A,0,0,0,0
1381,KP,I1,0,0,0,0
1382,KP,I4,0,0,0,0
1383,KP,I5,0,0,0,0
1384,KP,I6,0,0,0,0
1385,KQ,I2_P,0,0,0,0
1386,KQ,I3_P,0,0.013071895,0,0
1387,KQ,I2_A,0,0,0.009259259,0
1388,KQ,I3_A,0,0,0,0
1389,KQ,I1,0.033613445,0.064516129,0.016806723,0.063694268
1390,KQ,I4,0,0.050314465,0.016806723,0.063694268
1391,KQ,I5,0,0,0,0
1392,KQ,I6,0.016806723,0.006369427,0,0.006329114
1393,KR,I2_P,0,0,0,0
1394,KR,I3_P,0,0,0,0
1395,KR,I2_A,0,0,0,0
1396,KR,I3_A,0,0,0,0
1397,KR,I1,0.050420168,0.012903226,0.025210084,0.01910828
1398,KR,I4,0.016806723,0,0.025210084,0.01910828
1399,KR,I5,0,0.006369427,0.008403361,0
1400,KR,I6,0,0,0.008547009,0
1401,KS,I2_P,0,0,0,0
1402,KS,I3_P,0,0,0,0
1403,KS,I2_A,0,0,0,0
1404,KS,I3_A,0,0,0,0
1405,KS,I1,0.016806723,0,0.008403361,0
1406,KS,I4,0.016806723,0,0.008403361,0
1407,KS,I5,0,0,0,0
1408,KS,I6,0,0,0,0
1409,KT,I2_P,0,0,0,0
1410,KT,I3_P,0,0,0,0
1411,KT,I2_A,0.007751938,0.011299435,0,0
1412,KT,I3_A,0,0,0,0
1413,KT,I1,0,0.012903226,0,0.006369427
1414,KT,I4,0,0.012578616,0,0.006369427
1415,KT,I5,0.008547009,0.006369427,0,0
1416,KT,I6,0,0,0.008547009,0
1417,KV,I2_P,0.018691589,0.026143791,0,0
1418,KV,I3_P,0,0,0,0
1419,KV,I2_A,0.007751938,0.011299435,0,0
1420,KV,I3_A,0.007751938,0.005649718,0,0.006535948
1421,KV,I1,0,0,0.008403361,0.012738854
1422,KV,I4,0.016806723,0,0.008403361,0.012738854
1423,KV,I5,0.008547009,0.01910828,0,0.006410256
1424,KV,I6,0.008403361,0.006369427,0.025641026,0.063291139
1425,KW,I2_P,0,0,0,0
1426,KW,I3_P,0,0,0,0
1427,KW,I2_A,0,0,0,0
1428,KW,I3_A,0,0,0,0
1429,KW,I1,0,0,0,0
1430,KW,I4,0,0,0,0
1431,KW,I5,0,0,0,0
1432,KW,I6,0,0,0,0
1433,KY,I2_P,0,0,0,0
1434,KY,I3_P,0,0,0,0
1435,KY,I2_A,0,0,0,0
1436,KY,I3_A,0,0,0,0
1437,KY,I1,0,0,0,0
1438,KY,I4,0,0,0,0
1439,KY,I5,0,0.012738854,0,0.006410256
1440,KY,I6,0,0,0,0
1441,LA,I2_P,0,0,0,0
1442,LA,I3_P,0,0,0,0
1443,LA,I2_A,0.015503876,0.016949153,0.009259259,0.045751634
1444,LA,I3_A,0.015503876,0.011299435,0.018518519,0.013071895
1445,LA,I1,0,0,0,0
1446,LA,I4,0,0,0,0
1447,LA,I5,0.025641026,0,0,0.006410256
1448,LA,I6,0,0.01910828,0.017094017,0
1449,LC,I2_P,0,0,0,0
1450,LC,I3_P,0,0,0,0
1451,LC,I2_A,0,0.005649718,0,0.006535948
1452,LC,I3_A,0,0,0,0
1453,LC,I1,0,0,0,0
1454,LC,I4,0,0,0,0
1455,LC,I5,0,0,0.008403361,0.006410256
1456,LC,I6,0,0.006369427,0,0
1457,LD,I2_P,0,0,0,0
1458,LD,I3_P,0,0,0,0
1459,LD,I2_A,0,0.005649718,0,0
1460,LD,I3_A,0.007751938,0,0.018518519,0
1461,LD,I1,0,0,0,0
1462,LD,I4,0,0,0,0
1463,LD,I5,0,0,0,0
1464,LD,I6,0,0,0,0
1465,LE,I2_P,0,0,0,0
1466,LE,I3_P,0,0,0,0
1467,LE,I2_A,0,0.005649718,0.018518519,0.013071895
1468,LE,I3_A,0.015503876,0.005649718,0.009259259,0.006535948
1469,LE,I1,0,0,0,0
1470,LE,I4,0,0,0,0
1471,LE,I5,0,0.006369427,0,0.006410256
1472,LE,I6,0,0.006369427,0.017094017,0.006329114
1473,LF,I2_P,0,0,0,0
1474,LF,I3_P,0,0,0,0
1475,LF,I2_A,0.015503876,0.005649718,0,0.006535948
1476,LF,I3_A,0,0.005649718,0,0.006535948
1477,LF,I1,0,0,0,0
1478,LF,I4,0,0,0,0
1479,LF,I5,0,0.012738854,0,0
1480,LF,I6,0.008403361,0.006369427,0,0
1481,LG,I2_P,0,0,0,0
1482,LG,I3_P,0,0,0,0
1483,LG,I2_A,0,0,0,0
1484,LG,I3_A,0,0,0,0
1485,LG,I1,0,0,0,0
1486,LG,I4,0,0,0,0
1487,LG,I5,0,0,0,0
1488,LG,I6,0,0,0,0
1489,LH,I2_P,0,0,0,0
1490,LH,I3_P,0,0,0,0
1491,LH,I2_A,0,0.005649718,0.018518519,0
1492,LH,I3_A,0.007751938,0.005649718,0.018518519,0.006535948
1493,LH,I1,0,0,0,0
1494,LH,I4,0,0,0,0
1495,LH,I5,0.008547009,0,0,0
1496,LH,I6,0,0,0,0
1497,LI,I2_P,0,0,0,0
1498,LI,I3_P,0,0,0,0
1499,LI,I2_A,0.007751938,0.02259887,0.009259259,0.026143791
1500,LI,I3_A,0.131782946,0.084745763,0.101851852,0.111111111
1501,LI,I1,0,0,0,0
1502,LI,I4,0,0,0,0
1503,LI,I5,0.008547009,0,0,0.019230769
1504,LI,I6,0.016806723,0,0.008547009,0.018987342
1505,LK,I2_P,0,0,0,0
1506,LK,I3_P,0,0,0,0
1507,LK,I2_A,0,0.016949153,0.009259259,0.032679739
1508,LK,I3_A,0.007751938,0.005649718,0.018518519,0.026143791
1509,LK,I1,0,0,0,0
1510,LK,I4,0,0,0,0
1511,LK,I5,0,0,0,0.012820513
1512,LK,I6,0,0.006369427,0.017094017,0
1513,LL,I2_P,0,0.098039216,0.186046512,0.279329609
1514,LL,I3_P,0.172727273,0.352941176,0.41221374,0.511235955
1515,LL,I2_A,0.108527132,0.124293785,0.037037037,0.026143791
1516,LL,I3_A,0.108527132,0.124293785,0.037037037,0.026143791
1517,LL,I1,0.042016807,0.032258065,0.016806723,0.006369427
1518,LL,I4,0.033613445,0.031446541,0.016806723,0.006369427
1519,LL,I5,0.008547009,0.031847134,0.025210084,0.038461538
1520,LL,I6,0.033613445,0.050955414,0.008547009,0.069620253
1521,LM,I2_P,0.037383178,0,0,0
1522,LM,I3_P,0.018181818,0,0,0
1523,LM,I2_A,0.023255814,0.005649718,0.018518519,0
1524,LM,I3_A,0.023255814,0.028248588,0.009259259,0.019607843
1525,LM,I1,0.016806723,0.012903226,0.008403361,0.006369427
1526,LM,I4,0.016806723,0.012578616,0.008403361,0.006369427
1527,LM,I5,0.008547009,0,0.008403361,0
1528,LM,I6,0,0,0.008547009,0
1529,LN,I2_P,0.018691589,0.052287582,0,0
1530,LN,I3_P,0,0.013071895,0,0
1531,LN,I2_A,0,0,0,0
1532,LN,I3_A,0,0.062146893,0.009259259,0.117647059
1533,LN,I1,0,0.038709677,0.016806723,0.006369427
1534,LN,I4,0,0,0.016806723,0.006369427
1535,LN,I5,0.008547009,0.038216561,0,0
1536,LN,I6,0,0,0.008547009,0
1537,LP,I2_P,0,0,0,0
1538,LP,I3_P,0,0,0,0
1539,LP,I2_A,0,0,0,0
1540,LP,I3_A,0,0,0,0
1541,LP,I1,0,0,0,0
1542,LP,I4,0,0,0,0
1543,LP,I5,0,0,0,0
1544,LP,I6,0,0,0,0
1545,LQ,I2_P,0.056074766,0.013071895,0,0
1546,LQ,I3_P,0.018181818,0.013071895,0,0
1547,LQ,I2_A,0.015503876,0.011299435,0.009259259,0.013071895
1548,LQ,I3_A,0.023255814,0.005649718,0.037037037,0.013071895
1549,LQ,I1,0,0.012903226,0.016806723,0.006369427
1550,LQ,I4,0.016806723,0.012578616,0.016806723,0.006369427
1551,LQ,I5,0,0,0,0
1552,LQ,I6,0,0,0.008547009,0
1553,LR,I2_P,0.056074766,0,0,0
1554,LR,I3_P,0.018181818,0,0,0
1555,LR,I2_A,0,0,0,0
1556,LR,I3_A,0.046511628,0.028248588,0.055555556,0.019607843
1557,LR,I1,0,0.012903226,0.008403361,0.01910828
1558,LR,I4,0.016806723,0,0.008403361,0.01910828
1559,LR,I5,0.008547009,0.006369427,0.016806723,0
1560,LR,I6,0,0,0,0
1561,LS,I2_P,0,0.013071895,0,0
1562,LS,I3_P,0.018181818,0,0,0
1563,LS,I2_A,0,0.011299435,0.009259259,0.019607843
1564,LS,I3_A,0,0.005649718,0.009259259,0.006535948
1565,LS,I1,0,0,0.016806723,0.01910828
1566,LS,I4,0,0,0.016806723,0.01910828
1567,LS,I5,0,0,0.016806723,0.019230769
1568,LS,I6,0.008403361,0.012738854,0.008547009,0
1569,LT,I2_P,0.018691589,0.013071895,0,0
1570,LT,I3_P,0.036363636,0.039215686,0,0
1571,LT,I2_A,0,0.016949153,0.009259259,0.032679739
1572,LT,I3_A,0.007751938,0.016949153,0.009259259,0.019607843
1573,LT,I1,0,0.012903226,0.008403361,0.01910828
1574,LT,I4,0,0.025157233,0.008403361,0.01910828
1575,LT,I5,0.008547009,0,0.016806723,0
1576,LT,I6,0.025210084,0.006369427,0,0.006329114
1577,LV,I2_P,0.037383178,0.065359477,0,0
1578,LV,I3_P,0.090909091,0.039215686,0,0
1579,LV,I2_A,0,0.016949153,0.027777778,0.026143791
1580,LV,I3_A,0.015503876,0.101694915,0.037037037,0.137254902
1581,LV,I1,0.033613445,0.012903226,0,0.006369427
1582,LV,I4,0.033613445,0.012578616,0,0.006369427
1583,LV,I5,0.008547009,0.012738854,0,0
1584,LV,I6,0.016806723,0,0,0.012658228
1585,LW,I2_P,0,0,0,0
1586,LW,I3_P,0,0,0,0
1587,LW,I2_A,0,0,0,0
1588,LW,I3_A,0.007751938,0,0,0
1589,LW,I1,0,0,0,0.006369427
1590,LW,I4,0,0,0,0.006369427
1591,LW,I5,0,0,0,0
1592,LW,I6,0,0,0,0
1593,LY,I2_P,0,0.013071895,0,0
1594,LY,I3_P,0.018181818,0.065359477,0,0
1595,LY,I2_A,0,0.011299435,0,0.006535948
1596,LY,I3_A,0,0.016949153,0.009259259,0
1597,LY,I1,0,0,0,0.006369427
1598,LY,I4,0,0,0,0.006369427
1599,LY,I5,0,0,0,0
1600,LY,I6,0,0,0.008547009,0
1601,MA,I2_P,0,0,0,0
1602,MA,I3_P,0,0,0,0
1603,MA,I2_A,0,0.005649718,0,0
1604,MA,I3_A,0,0,0,0.006535948
1605,MA,I1,0,0,0,0
1606,MA,I4,0,0,0,0
1607,MA,I5,0.008547009,0,0.008403361,0
1608,MA,I6,0,0,0.008547009,0
1609,MC,I2_P,0,0,0,0
1610,MC,I3_P,0,0,0,0
1611,MC,I2_A,0,0,0,0
1612,MC,I3_A,0.007751938,0,0,0
1613,MC,I1,0,0,0,0
1614,MC,I4,0,0,0,0
1615,MC,I5,0,0,0,0
1616,MC,I6,0,0,0,0
1617,MD,I2_P,0,0,0,0
1618,MD,I3_P,0,0,0,0
1619,MD,I2_A,0,0,0,0
1620,MD,I3_A,0,0,0,0
1621,MD,I1,0,0,0,0
1622,MD,I4,0,0,0,0
1623,MD,I5,0,0,0,0
1624,MD,I6,0,0,0,0
1625,ME,I2_P,0,0,0,0
1626,ME,I3_P,0,0,0,0
1627,ME,I2_A,0,0,0,0
1628,ME,I3_A,0,0,0,0
1629,ME,I1,0,0,0,0
1630,ME,I4,0,0,0,0
1631,ME,I5,0,0,0.008403361,0
1632,ME,I6,0.008403361,0,0.008547009,0
1633,MF,I2_P,0,0,0,0
1634,MF,I3_P,0,0,0,0
1635,MF,I2_A,0,0,0.009259259,0
1636,MF,I3_A,0,0,0,0
1637,MF,I1,0,0,0,0
1638,MF,I4,0,0,0,0
1639,MF,I5,0,0,0,0
1640,MF,I6,0,0,0,0
1641,MG,I2_P,0,0,0,0
1642,MG,I3_P,0,0,0,0
1643,MG,I2_A,0,0,0,0
1644,MG,I3_A,0,0,0,0
1645,MG,I1,0,0,0,0
1646,MG,I4,0,0,0,0
1647,MG,I5,0,0,0,0
1648,MG,I6,0,0,0,0
1649,MH,I2_P,0,0,0,0
1650,MH,I3_P,0,0,0,0
1651,MH,I2_A,0,0,0,0
1652,MH,I3_A,0,0,0,0
1653,MH,I1,0,0,0,0
1654,MH,I4,0,0,0,0
1655,MH,I5,0,0,0,0
1656,MH,I6,0,0,0,0
1657,MI,I2_P,0,0,0,0
1658,MI,I3_P,0,0,0,0
1659,MI,I2_A,0.007751938,0,0.009259259,0
1660,MI,I3_A,0,0,0.009259259,0
1661,MI,I1,0,0,0,0
1662,MI,I4,0,0,0,0
1663,MI,I5,0.008547009,0.006369427,0,0
1664,MI,I6,0.016806723,0,0,0
1665,MK,I2_P,0,0,0,0
1666,MK,I3_P,0,0,0,0
1667,MK,I2_A,0,0,0,0
1668,MK,I3_A,0,0,0,0
1669,MK,I1,0,0,0,0
1670,MK,I4,0,0,0,0
1671,MK,I5,0,0.006369427,0,0
1672,MK,I6,0,0,0.008547009,0
1673,ML,I2_P,0,0,0,0
1674,ML,I3_P,0,0,0,0
1675,ML,I2_A,0.023255814,0.028248588,0.009259259,0.019607843
1676,ML,I3_A,0.023255814,0.005649718,0.018518519,0
1677,ML,I1,0,0,0,0
1678,ML,I4,0,0,0,0
1679,ML,I5,0,0.006369427,0.008403361,0.012820513
1680,ML,I6,0.008403361,0.012738854,0,0.012658228
1681,MM,I2_P,0.009345794,0,0.046511628,0.033519553
1682,MM,I3_P,0.018181818,0,0.045801527,0.011235955
1683,MM,I2_A,0.007751938,0,0.009259259,0
1684,MM,I3_A,0.007751938,0,0.009259259,0
1685,MM,I1,0.008403361,0.006451613,0,0
1686,MM,I4,0,0,0,0
1687,MM,I5,0,0,0,0
1688,MM,I6,0,0,0,0
1689,MN,I2_P,0.018691589,0,0,0
1690,MN,I3_P,0,0,0,0
1691,MN,I2_A,0,0,0,0
1692,MN,I3_A,0,0,0.009259259,0
1693,MN,I1,0,0.012903226,0,0.006369427
1694,MN,I4,0,0,0,0.006369427
1695,MN,I5,0,0,0,0
1696,MN,I6,0,0,0,0
1697,MP,I2_P,0,0,0,0
1698,MP,I3_P,0,0,0,0
1699,MP,I2_A,0,0,0,0
1700,MP,I3_A,0,0,0,0
1701,MP,I1,0,0,0,0
1702,MP,I4,0,0,0,0
1703,MP,I5,0,0,0,0
1704,MP,I6,0,0,0,0
1705,MQ,I2_P,0,0,0,0
1706,MQ,I3_P,0.018181818,0,0,0
1707,MQ,I2_A,0.007751938,0,0,0
1708,MQ,I3_A,0.007751938,0,0.009259259,0
1709,MQ,I1,0,0.012903226,0.025210084,0.012738854
1710,MQ,I4,0,0,0.025210084,0.012738854
1711,MQ,I5,0,0,0,0
1712,MQ,I6,0,0,0.008547009,0
1713,MR,I2_P,0,0,0,0
1714,MR,I3_P,0,0,0,0
1715,MR,I2_A,0,0,0,0
1716,MR,I3_A,0,0,0,0
1717,MR,I1,0,0,0,0
1718,MR,I4,0.033613445,0,0,0
1719,MR,I5,0,0,0,0
1720,MR,I6,0,0,0.008547009,0
1721,MS,I2_P,0,0,0,0
1722,MS,I3_P,0,0,0,0
1723,MS,I2_A,0,0,0,0
1724,MS,I3_A,0,0,0,0
1725,MS,I1,0,0,0,0
1726,MS,I4,0,0,0,0
1727,MS,I5,0,0,0,0
1728,MS,I6,0,0.006369427,0,0
1729,MT,I2_P,0,0,0,0
1730,MT,I3_P,0,0,0,0
1731,MT,I2_A,0,0,0,0
1732,MT,I3_A,0,0,0,0
1733,MT,I1,0,0,0,0
1734,MT,I4,0,0,0,0
1735,MT,I5,0,0,0,0.006410256
1736,MT,I6,0,0,0,0
1737,MV,I2_P,0,0.026143791,0,0
1738,MV,I3_P,0,0,0,0
1739,MV,I2_A,0,0,0,0.006535948
1740,MV,I3_A,0,0.005649718,0,0
1741,MV,I1,0,0,0.008403361,0
1742,MV,I4,0,0,0.008403361,0
1743,MV,I5,0.008547009,0.006369427,0,0.006410256
1744,MV,I6,0.008403361,0,0,0.006329114
1745,MW,I2_P,0,0,0,0
1746,MW,I3_P,0,0,0,0
1747,MW,I2_A,0,0,0,0
1748,MW,I3_A,0,0,0,0
1749,MW,I1,0,0,0,0
1750,MW,I4,0,0,0,0
1751,MW,I5,0,0,0,0
1752,MW,I6,0,0,0,0
1753,MY,I2_P,0,0,0,0
1754,MY,I3_P,0,0,0,0
1755,MY,I2_A,0,0,0,0
1756,MY,I3_A,0,0,0,0
1757,MY,I1,0,0,0,0
1758,MY,I4,0,0,0,0
1759,MY,I5,0,0,0,0
1760,MY,I6,0,0,0,0
1761,NA,I2_P,0,0,0,0
1762,NA,I3_P,0,0,0,0
1763,NA,I2_A,0,0.005649718,0,0
1764,NA,I3_A,0,0,0,0
1765,NA,I1,0,0,0,0
1766,NA,I4,0,0,0,0
1767,NA,I5,0,0,0,0.019230769
1768,NA,I6,0,0,0,0
1769,NC,I2_P,0,0,0,0
1770,NC,I3_P,0,0,0,0
1771,NC,I2_A,0,0.005649718,0,0
1772,NC,I3_A,0,0,0,0
1773,NC,I1,0,0,0,0
1774,NC,I4,0,0,0,0
1775,NC,I5,0,0,0,0
1776,NC,I6,0.008403361,0,0,0
1777,ND,I2_P,0,0,0,0
1778,ND,I3_P,0,0,0,0
1779,ND,I2_A,0,0,0,0
1780,ND,I3_A,0,0,0,0
1781,ND,I1,0,0,0,0
1782,ND,I4,0,0,0,0
1783,ND,I5,0,0,0,0
1784,ND,I6,0,0,0,0
1785,NE,I2_P,0,0,0,0
1786,NE,I3_P,0,0,0,0
1787,NE,I2_A,0,0.005649718,0.009259259,0
1788,NE,I3_A,0,0,0,0
1789,NE,I1,0,0,0,0
1790,NE,I4,0,0,0,0
1791,NE,I5,0,0,0,0
1792,NE,I6,0,0,0,0
1793,NF,I2_P,0,0,0,0
1794,NF,I3_P,0,0,0,0
1795,NF,I2_A,0,0.005649718,0,0
1796,NF,I3_A,0,0,0,0
1797,NF,I1,0,0,0,0
1798,NF,I4,0,0,0,0
1799,NF,I5,0,0,0,0
1800,NF,I6,0,0,0,0
1801,NG,I2_P,0,0,0,0
1802,NG,I3_P,0,0,0,0
1803,NG,I2_A,0,0,0,0
1804,NG,I3_A,0,0,0,0
1805,NG,I1,0,0,0,0
1806,NG,I4,0,0,0,0
1807,NG,I5,0,0,0,0
1808,NG,I6,0,0,0,0
1809,NH,I2_P,0,0,0,0
1810,NH,I3_P,0,0,0,0
1811,NH,I2_A,0.007751938,0,0,0
1812,NH,I3_A,0,0,0,0
1813,NH,I1,0,0,0,0
1814,NH,I4,0,0,0,0
1815,NH,I5,0,0,0,0
1816,NH,I6,0,0,0.008547009,0
1817,NI,I2_P,0,0,0,0
1818,NI,I3_P,0,0,0,0
1819,NI,I2_A,0.007751938,0,0,0
1820,NI,I3_A,0,0,0,0.006535948
1821,NI,I1,0,0,0,0
1822,NI,I4,0,0,0,0
1823,NI,I5,0.008547009,0.006369427,0,0.006410256
1824,NI,I6,0,0,0,0
1825,NK,I2_P,0,0,0,0
1826,NK,I3_P,0,0,0,0
1827,NK,I2_A,0,0.005649718,0,0.006535948
1828,NK,I3_A,0,0,0,0
1829,NK,I1,0,0,0,0
1830,NK,I4,0,0,0,0
1831,NK,I5,0,0.006369427,0,0
1832,NK,I6,0,0,0,0
1833,NL,I2_P,0,0,0,0
1834,NL,I3_P,0,0,0,0
1835,NL,I2_A,0,0.062146893,0.009259259,0.117647059
1836,NL,I3_A,0,0,0,0
1837,NL,I1,0,0,0,0
1838,NL,I4,0,0,0,0
1839,NL,I5,0,0.025477707,0.016806723,0.025641026
1840,NL,I6,0.008403361,0,0.008547009,0
1841,NM,I2_P,0,0,0,0
1842,NM,I3_P,0,0,0,0
1843,NM,I2_A,0,0,0.009259259,0
1844,NM,I3_A,0,0,0,0
1845,NM,I1,0,0,0,0
1846,NM,I4,0,0,0,0
1847,NM,I5,0,0.006369427,0,0
1848,NM,I6,0,0,0,0
1849,NN,I2_P,0,0.032679739,0.031007752,0.122905028
1850,NN,I3_P,0,0,0,0.005617978
1851,NN,I2_A,0,0.005649718,0,0
1852,NN,I3_A,0,0.005649718,0,0
1853,NN,I1,0,0,0,0
1854,NN,I4,0,0,0,0
1855,NN,I5,0,0.006369427,0,0
1856,NN,I6,0,0,0,0
1857,NP,I2_P,0,0,0,0
1858,NP,I3_P,0,0,0,0
1859,NP,I2_A,0,0,0,0
1860,NP,I3_A,0,0,0,0
1861,NP,I1,0,0,0,0
1862,NP,I4,0,0,0,0
1863,NP,I5,0,0,0,0
1864,NP,I6,0,0,0,0
1865,NQ,I2_P,0,0,0,0
1866,NQ,I3_P,0,0,0,0
1867,NQ,I2_A,0,0,0,0
1868,NQ,I3_A,0,0,0,0
1869,NQ,I1,0.016806723,0,0.008403361,0.006369427
1870,NQ,I4,0,0,0.008403361,0.006369427
1871,NQ,I5,0,0.006369427,0,0
1872,NQ,I6,0,0,0,0
1873,NR,I2_P,0,0,0,0
1874,NR,I3_P,0,0,0,0
1875,NR,I2_A,0.007751938,0,0,0
1876,NR,I3_A,0,0,0,0
1877,NR,I1,0,0.012903226,0,0.012738854
1878,NR,I4,0,0,0,0.012738854
1879,NR,I5,0.017094017,0,0,0
1880,NR,I6,0,0,0,0
1881,NS,I2_P,0,0,0,0
1882,NS,I3_P,0,0,0,0
1883,NS,I2_A,0,0.005649718,0,0
1884,NS,I3_A,0,0,0,0
1885,NS,I1,0,0,0.008403361,0
1886,NS,I4,0,0,0.008403361,0
1887,NS,I5,0,0,0.008403361,0
1888,NS,I6,0,0,0,0
1889,NT,I2_P,0,0.013071895,0,0
1890,NT,I3_P,0,0,0,0
1891,NT,I2_A,0,0.005649718,0,0
1892,NT,I3_A,0,0,0,0
1893,NT,I1,0,0,0,0.012738854
1894,NT,I4,0,0,0,0.012738854
1895,NT,I5,0,0,0,0.006410256
1896,NT,I6,0,0,0,0
1897,NV,I2_P,0,0.039215686,0,0
1898,NV,I3_P,0,0,0,0
1899,NV,I2_A,0.007751938,0.005649718,0,0
1900,NV,I3_A,0,0,0,0
1901,NV,I1,0.016806723,0,0.008403361,0.006369427
1902,NV,I4,0.016806723,0,0.008403361,0.006369427
1903,NV,I5,0,0.006369427,0,0.006410256
1904,NV,I6,0,0,0,0
1905,NW,I2_P,0,0,0,0
1906,NW,I3_P,0,0,0,0
1907,NW,I2_A,0,0,0,0
1908,NW,I3_A,0,0,0,0
1909,NW,I1,0,0,0,0
1910,NW,I4,0,0,0,0
1911,NW,I5,0,0,0,0
1912,NW,I6,0,0,0,0
1913,NY,I2_P,0,0.013071895,0,0
1914,NY,I3_P,0,0,0,0
1915,NY,I2_A,0,0.005649718,0,0.006535948
1916,NY,I3_A,0,0,0,0
1917,NY,I1,0,0,0,0
1918,NY,I4,0,0,0,0
1919,NY,I5,0,0,0,0
1920,NY,I6,0,0,0,0
1921,PA,I2_P,0,0,0,0
1922,PA,I3_P,0,0,0,0
1923,PA,I2_A,0,0,0,0
1924,PA,I3_A,0,0,0,0
1925,PA,I1,0,0,0,0
1926,PA,I4,0,0,0,0
1927,PA,I5,0,0,0,0
1928,PA,I6,0,0,0,0
1929,PC,I2_P,0,0,0,0
1930,PC,I3_P,0,0,0,0
1931,PC,I2_A,0,0,0,0
1932,PC,I3_A,0,0,0,0
1933,PC,I1,0,0,0,0
1934,PC,I4,0,0,0,0
1935,PC,I5,0,0,0,0
1936,PC,I6,0,0,0,0
1937,PD,I2_P,0,0,0,0
1938,PD,I3_P,0,0,0,0
1939,PD,I2_A,0,0,0,0
1940,PD,I3_A,0,0,0,0
1941,PD,I1,0,0,0,0
1942,PD,I4,0,0,0,0
1943,PD,I5,0,0,0,0
1944,PD,I6,0,0,0,0
1945,PE,I2_P,0,0,0,0
1946,PE,I3_P,0,0,0,0
1947,PE,I2_A,0,0,0,0
1948,PE,I3_A,0,0,0,0
1949,PE,I1,0,0,0,0
1950,PE,I4,0,0,0,0
1951,PE,I5,0,0,0,0
1952,PE,I6,0,0,0,0
1953,PF,I2_P,0,0,0,0
1954,PF,I3_P,0,0,0,0
1955,PF,I2_A,0,0,0,0
1956,PF,I3_A,0,0,0,0
1957,PF,I1,0,0,0,0
1958,PF,I4,0,0,0,0
1959,PF,I5,0,0,0,0
1960,PF,I6,0,0,0,0
1961,PG,I2_P,0,0,0,0
1962,PG,I3_P,0,0,0,0
1963,PG,I2_A,0,0,0,0
1964,PG,I3_A,0,0,0,0
1965,PG,I1,0,0,0,0
1966,PG,I4,0,0,0,0
1967,PG,I5,0,0,0,0
1968,PG,I6,0,0,0,0
1969,PH,I2_P,0,0,0,0
1970,PH,I3_P,0,0,0,0
1971,PH,I2_A,0,0,0,0
1972,PH,I3_A,0,0,0,0
1973,PH,I1,0,0,0,0
1974,PH,I4,0,0,0,0
1975,PH,I5,0,0,0,0
1976,PH,I6,0,0,0,0
1977,PI,I2_P,0,0,0,0
1978,PI,I3_P,0,0,0,0
1979,PI,I2_A,0,0,0,0
1980,PI,I3_A,0,0,0,0
1981,PI,I1,0,0,0,0
1982,PI,I4,0,0,0,0
1983,PI,I5,0,0,0,0
1984,PI,I6,0,0,0,0
1985,PK,I2_P,0,0,0,0
1986,PK,I3_P,0,0,0,0
1987,PK,I2_A,0,0,0,0
1988,PK,I3_A,0,0,0,0
1989,PK,I1,0,0,0,0
1990,PK,I4,0,0,0,0
1991,PK,I5,0,0,0,0
1992,PK,I6,0,0,0,0
1993,PL,I2_P,0,0,0,0
1994,PL,I3_P,0,0,0,0
1995,PL,I2_A,0,0,0,0
1996,PL,I3_A,0,0,0,0
1997,PL,I1,0,0,0,0
1998,PL,I4,0,0,0,0
1999,PL,I5,0,0,0,0
2000,PL,I6,0,0,0,0
2001,PM,I2_P,0,0,0,0
2002,PM,I3_P,0,0,0,0
2003,PM,I2_A,0,0,0,0
2004,PM,I3_A,0,0,0,0
2005,PM,I1,0,0,0,0
2006,PM,I4,0,0,0,0
2007,PM,I5,0,0,0,0
2008,PM,I6,0,0,0,0
2009,PN,I2_P,0,0,0,0
2010,PN,I3_P,0,0,0,0
2011,PN,I2_A,0,0,0,0
2012,PN,I3_A,0,0,0,0
2013,PN,I1,0,0,0,0
2014,PN,I4,0,0,0,0
2015,PN,I5,0,0,0,0
2016,PN,I6,0,0,0,0
2017,PP,I2_P,0,0,0,0
2018,PP,I3_P,0,0,0,0
2019,PP,I2_A,0,0,0,0
2020,PP,I3_A,0,0,0,0
2021,PP,I1,0,0,0,0
2022,PP,I4,0,0,0,0
2023,PP,I5,0,0,0,0
2024,PP,I6,0,0,0,0
2025,PQ,I2_P,0,0,0,0
2026,PQ,I3_P,0,0,0,0
2027,PQ,I2_A,0,0,0,0
2028,PQ,I3_A,0,0,0,0
2029,PQ,I1,0,0,0,0
2030,PQ,I4,0,0,0,0
2031,PQ,I5,0,0,0,0
2032,PQ,I6,0,0,0,0
2033,PR,I2_P,0,0,0,0
2034,PR,I3_P,0,0,0,0
2035,PR,I2_A,0,0,0,0
2036,PR,I3_A,0,0,0,0
2037,PR,I1,0,0,0,0
2038,PR,I4,0,0,0,0
2039,PR,I5,0,0,0,0
2040,PR,I6,0,0,0,0
2041,PS,I2_P,0,0,0,0
2042,PS,I3_P,0,0,0,0
2043,PS,I2_A,0,0,0,0
2044,PS,I3_A,0,0,0,0
2045,PS,I1,0,0,0,0
2046,PS,I4,0,0,0,0
2047,PS,I5,0,0,0,0
2048,PS,I6,0,0,0,0
2049,PT,I2_P,0,0,0,0
2050,PT,I3_P,0,0,0,0
2051,PT,I2_A,0,0,0,0
2052,PT,I3_A,0,0,0,0
2053,PT,I1,0,0,0,0
2054,PT,I4,0,0,0,0
2055,PT,I5,0,0,0,0
2056,PT,I6,0,0,0,0
2057,PV,I2_P,0,0,0,0
2058,PV,I3_P,0,0,0,0
2059,PV,I2_A,0,0,0,0
2060,PV,I3_A,0,0,0,0
2061,PV,I1,0,0,0,0
2062,PV,I4,0,0,0,0
2063,PV,I5,0,0,0,0
2064,PV,I6,0,0,0,0
2065,PW,I2_P,0,0,0,0
2066,PW,I3_P,0,0,0,0
2067,PW,I2_A,0,0,0,0
2068,PW,I3_A,0,0,0,0
2069,PW,I1,0,0,0,0
2070,PW,I4,0,0,0,0
2071,PW,I5,0,0,0,0
2072,PW,I6,0,0,0,0
2073,PY,I2_P,0,0,0,0
2074,PY,I3_P,0,0,0,0
2075,PY,I2_A,0,0,0,0
2076,PY,I3_A,0,0,0,0
2077,PY,I1,0,0,0,0
2078,PY,I4,0,0,0,0
2079,PY,I5,0,0,0,0
2080,PY,I6,0,0,0,0
2081,QA,I2_P,0,0,0,0
2082,QA,I3_P,0,0,0,0
2083,QA,I2_A,0,0,0,0
2084,QA,I3_A,0,0,0.009259259,0
2085,QA,I1,0,0,0,0
2086,QA,I4,0,0,0,0
2087,QA,I5,0,0.012738854,0,0.012820513
2088,QA,I6,0.008403361,0,0,0.006329114
2089,QC,I2_P,0,0,0,0
2090,QC,I3_P,0,0,0,0
2091,QC,I2_A,0,0,0,0
2092,QC,I3_A,0,0,0.009259259,0
2093,QC,I1,0,0,0,0
2094,QC,I4,0,0,0,0
2095,QC,I5,0,0,0,0
2096,QC,I6,0,0,0,0
2097,QD,I2_P,0,0,0,0
2098,QD,I3_P,0,0,0,0
2099,QD,I2_A,0,0,0,0
2100,QD,I3_A,0,0,0,0
2101,QD,I1,0,0,0,0
2102,QD,I4,0,0,0,0
2103,QD,I5,0.008547009,0,0,0
2104,QD,I6,0,0,0,0
2105,QE,I2_P,0,0,0,0
2106,QE,I3_P,0,0,0,0
2107,QE,I2_A,0,0,0,0
2108,QE,I3_A,0,0,0,0
2109,QE,I1,0,0,0,0
2110,QE,I4,0,0,0,0
2111,QE,I5,0.017094017,0,0.008403361,0.006410256
2112,QE,I6,0,0,0,0
2113,QF,I2_P,0,0,0,0
2114,QF,I3_P,0,0,0,0
2115,QF,I2_A,0,0,0.009259259,0
2116,QF,I3_A,0,0,0,0
2117,QF,I1,0,0,0,0
2118,QF,I4,0,0,0,0
2119,QF,I5,0,0,0,0
2120,QF,I6,0,0,0,0
2121,QG,I2_P,0,0,0,0
2122,QG,I3_P,0,0,0,0
2123,QG,I2_A,0,0,0,0
2124,QG,I3_A,0,0,0,0
2125,QG,I1,0,0,0,0
2126,QG,I4,0,0,0,0
2127,QG,I5,0,0,0,0
2128,QG,I6,0,0,0,0
2129,QH,I2_P,0,0,0,0
2130,QH,I3_P,0,0,0,0
2131,QH,I2_A,0,0,0,0
2132,QH,I3_A,0,0,0,0
2133,QH,I1,0,0,0,0
2134,QH,I4,0,0,0,0
2135,QH,I5,0.008547009,0,0,0
2136,QH,I6,0,0,0.008547009,0
2137,QI,I2_P,0,0,0,0
2138,QI,I3_P,0,0,0,0
2139,QI,I2_A,0,0.005649718,0,0
2140,QI,I3_A,0,0.005649718,0,0
2141,QI,I1,0,0,0,0
2142,QI,I4,0,0,0,0
2143,QI,I5,0.034188034,0.031847134,0.008403361,0
2144,QI,I6,0,0.006369427,0.025641026,0.012658228
2145,QK,I2_P,0,0,0,0
2146,QK,I3_P,0,0,0,0
2147,QK,I2_A,0,0,0,0
2148,QK,I3_A,0,0,0.009259259,0
2149,QK,I1,0,0,0,0
2150,QK,I4,0,0,0,0
2151,QK,I5,0,0,0,0.012820513
2152,QK,I6,0,0.006369427,0.008547009,0
2153,QL,I2_P,0,0,0,0
2154,QL,I3_P,0,0,0,0
2155,QL,I2_A,0.023255814,0.005649718,0.037037037,0.013071895
2156,QL,I3_A,0.015503876,0.011299435,0.009259259,0.013071895
2157,QL,I1,0,0,0,0
2158,QL,I4,0,0,0,0
2159,QL,I5,0.017094017,0.025477707,0.058823529,0.070512821
2160,QL,I6,0.050420168,0.089171975,0.017094017,0.063291139
2161,QM,I2_P,0,0,0,0
2162,QM,I3_P,0,0,0,0
2163,QM,I2_A,0.007751938,0,0.009259259,0
2164,QM,I3_A,0.007751938,0,0,0
2165,QM,I1,0,0,0,0
2166,QM,I4,0,0,0,0
2167,QM,I5,0,0,0.008403361,0
2168,QM,I6,0,0.006369427,0,0.006329114
2169,QN,I2_P,0,0,0,0
2170,QN,I3_P,0,0,0,0
2171,QN,I2_A,0,0,0,0
2172,QN,I3_A,0,0,0,0
2173,QN,I1,0,0,0,0
2174,QN,I4,0,0,0,0
2175,QN,I5,0.008547009,0.01910828,0,0.006410256
2176,QN,I6,0,0,0,0.018987342
2177,QP,I2_P,0,0,0,0
2178,QP,I3_P,0,0,0,0
2179,QP,I2_A,0,0,0,0
2180,QP,I3_A,0,0,0,0
2181,QP,I1,0,0,0,0
2182,QP,I4,0,0,0,0
2183,QP,I5,0,0,0,0
2184,QP,I6,0,0,0,0
2185,QQ,I2_P,0.018691589,0,0.054263566,0.011173184
2186,QQ,I3_P,0,0,0.030534351,0.016853933
2187,QQ,I2_A,0,0,0,0
2188,QQ,I3_A,0,0,0,0
2189,QQ,I1,0.025210084,0.038709677,0.008403361,0.012738854
2190,QQ,I4,0.016806723,0.050314465,0.008403361,0.012738854
2191,QQ,I5,0,0,0,0
2192,QQ,I6,0,0,0.008547009,0
2193,QR,I2_P,0.018691589,0,0,0
2194,QR,I3_P,0,0,0,0
2195,QR,I2_A,0,0,0.009259259,0
2196,QR,I3_A,0,0,0,0
2197,QR,I1,0,0,0.016806723,0.01910828
2198,QR,I4,0.033613445,0.012578616,0.016806723,0.01910828
2199,QR,I5,0,0.006369427,0,0
2200,QR,I6,0.008403361,0,0.008547009,0
2201,QS,I2_P,0,0,0,0
2202,QS,I3_P,0,0,0,0
2203,QS,I2_A,0,0,0,0
2204,QS,I3_A,0,0,0,0
2205,QS,I1,0.016806723,0.012903226,0.008403361,0.006369427
2206,QS,I4,0,0,0.008403361,0.006369427
2207,QS,I5,0,0.006369427,0,0
2208,QS,I6,0,0,0,0
2209,QT,I2_P,0,0,0,0
2210,QT,I3_P,0.018181818,0,0,0
2211,QT,I2_A,0.007751938,0,0,0
2212,QT,I3_A,0,0,0,0.006535948
2213,QT,I1,0,0,0,0
2214,QT,I4,0.016806723,0.012578616,0,0
2215,QT,I5,0,0,0,0.006410256
2216,QT,I6,0,0.006369427,0,0
2217,QV,I2_P,0,0.013071895,0,0
2218,QV,I3_P,0,0,0,0
2219,QV,I2_A,0.015503876,0,0,0
2220,QV,I3_A,0.007751938,0,0,0
2221,QV,I1,0,0,0.008403361,0
2222,QV,I4,0,0.012578616,0.008403361,0
2223,QV,I5,0.008547009,0.01910828,0.016806723,0.012820513
2224,QV,I6,0.008403361,0.006369427,0,0.025316456
2225,QW,I2_P,0,0,0,0
2226,QW,I3_P,0,0,0,0
2227,QW,I2_A,0,0,0,0
2228,QW,I3_A,0,0,0,0
2229,QW,I1,0,0,0,0
2230,QW,I4,0,0,0,0
2231,QW,I5,0,0,0,0
2232,QW,I6,0,0,0,0
2233,QY,I2_P,0,0,0,0
2234,QY,I3_P,0,0,0,0
2235,QY,I2_A,0,0,0,0
2236,QY,I3_A,0,0,0,0
2237,QY,I1,0,0,0,0.006369427
2238,QY,I4,0,0,0,0.006369427
2239,QY,I5,0,0,0,0
2240,QY,I6,0,0.012738854,0,0
2241,RA,I2_P,0,0,0,0
2242,RA,I3_P,0,0,0,0
2243,RA,I2_A,0,0.005649718,0,0.006535948
2244,RA,I3_A,0,0,0,0
2245,RA,I1,0,0,0,0
2246,RA,I4,0,0,0,0
2247,RA,I5,0,0,0,0.006410256
2248,RA,I6,0.008403361,0,0.008547009,0
2249,RC,I2_P,0,0,0,0
2250,RC,I3_P,0,0,0,0
2251,RC,I2_A,0,0,0,0
2252,RC,I3_A,0,0,0,0
2253,RC,I1,0,0,0,0
2254,RC,I4,0,0,0,0
2255,RC,I5,0,0,0,0.006410256
2256,RC,I6,0,0.006369427,0,0
2257,RD,I2_P,0,0,0,0
2258,RD,I3_P,0,0,0,0
2259,RD,I2_A,0,0,0,0
2260,RD,I3_A,0,0,0,0
2261,RD,I1,0,0,0,0
2262,RD,I4,0,0,0,0
2263,RD,I5,0,0,0,0
2264,RD,I6,0,0,0,0
2265,RE,I2_P,0,0,0,0
2266,RE,I3_P,0,0,0,0
2267,RE,I2_A,0.007751938,0,0,0
2268,RE,I3_A,0,0,0.009259259,0
2269,RE,I1,0,0,0,0
2270,RE,I4,0,0,0,0
2271,RE,I5,0,0,0.008403361,0
2272,RE,I6,0.008403361,0,0,0
2273,RF,I2_P,0,0,0,0
2274,RF,I3_P,0,0,0,0
2275,RF,I2_A,0,0,0,0
2276,RF,I3_A,0,0,0,0
2277,RF,I1,0,0,0,0
2278,RF,I4,0,0,0,0
2279,RF,I5,0,0,0,0
2280,RF,I6,0,0,0,0.012658228
2281,RG,I2_P,0,0,0,0
2282,RG,I3_P,0,0,0,0
2283,RG,I2_A,0,0,0,0
2284,RG,I3_A,0,0,0,0
2285,RG,I1,0,0,0,0
2286,RG,I4,0,0,0,0
2287,RG,I5,0,0,0,0
2288,RG,I6,0,0,0,0
2289,RH,I2_P,0,0,0,0
2290,RH,I3_P,0,0,0,0
2291,RH,I2_A,0,0,0,0
2292,RH,I3_A,0,0,0,0
2293,RH,I1,0,0,0,0
2294,RH,I4,0,0,0,0
2295,RH,I5,0,0,0,0
2296,RH,I6,0,0,0,0
2297,RI,I2_P,0,0,0,0
2298,RI,I3_P,0,0,0,0
2299,RI,I2_A,0.007751938,0,0.009259259,0
2300,RI,I3_A,0.015503876,0,0,0
2301,RI,I1,0,0,0,0
2302,RI,I4,0,0,0,0
2303,RI,I5,0.025641026,0.01910828,0,0
2304,RI,I6,0,0,0.042735043,0
2305,RK,I2_P,0,0,0,0
2306,RK,I3_P,0,0,0,0
2307,RK,I2_A,0,0,0,0
2308,RK,I3_A,0,0,0,0
2309,RK,I1,0,0,0,0
2310,RK,I4,0,0,0,0
2311,RK,I5,0,0,0,0
2312,RK,I6,0,0,0,0
2313,RL,I2_P,0,0,0,0
2314,RL,I3_P,0,0,0,0
2315,RL,I2_A,0.046511628,0.028248588,0.055555556,0.019607843
2316,RL,I3_A,0,0,0,0
2317,RL,I1,0,0,0,0
2318,RL,I4,0,0,0,0
2319,RL,I5,0.034188034,0.038216561,0.067226891,0.057692308
2320,RL,I6,0.058823529,0.038216561,0.025641026,0.012658228
2321,RM,I2_P,0,0,0,0
2322,RM,I3_P,0,0,0,0
2323,RM,I2_A,0,0,0,0
2324,RM,I3_A,0,0,0,0
2325,RM,I1,0,0,0,0
2326,RM,I4,0,0,0,0
2327,RM,I5,0.008547009,0,0,0.006410256
2328,RM,I6,0,0,0,0
2329,RN,I2_P,0,0,0,0
2330,RN,I3_P,0,0,0,0
2331,RN,I2_A,0,0,0,0
2332,RN,I3_A,0.007751938,0,0,0
2333,RN,I1,0,0,0,0
2334,RN,I4,0,0,0,0
2335,RN,I5,0,0.01910828,0,0
2336,RN,I6,0,0,0,0.006329114
2337,RP,I2_P,0,0,0,0
2338,RP,I3_P,0,0,0,0
2339,RP,I2_A,0,0,0,0
2340,RP,I3_A,0,0,0,0
2341,RP,I1,0,0,0,0
2342,RP,I4,0,0,0,0
2343,RP,I5,0,0,0,0
2344,RP,I6,0,0,0,0
2345,RQ,I2_P,0,0,0,0
2346,RQ,I3_P,0,0,0,0
2347,RQ,I2_A,0,0,0,0
2348,RQ,I3_A,0,0,0.009259259,0
2349,RQ,I1,0,0,0,0
2350,RQ,I4,0,0,0,0
2351,RQ,I5,0.008547009,0,0.008403361,0
2352,RQ,I6,0,0,0,0.006329114
2353,RR,I2_P,0.009345794,0.006535948,0.093023256,0.033519553
2354,RR,I3_P,0,0,0.022900763,0
2355,RR,I2_A,0,0,0,0
2356,RR,I3_A,0,0,0,0
2357,RR,I1,0,0.019354839,0.008403361,0.01910828
2358,RR,I4,0.008403361,0.018867925,0.008403361,0.01910828
2359,RR,I5,0,0,0,0
2360,RR,I6,0,0,0.025641026,0
2361,RS,I2_P,0,0,0,0
2362,RS,I3_P,0,0,0,0
2363,RS,I2_A,0.007751938,0,0.009259259,0
2364,RS,I3_A,0,0,0,0
2365,RS,I1,0.016806723,0.012903226,0.008403361,0
2366,RS,I4,0,0,0.008403361,0
2367,RS,I5,0,0,0,0
2368,RS,I6,0.008403361,0,0,0
2369,RT,I2_P,0,0,0,0
2370,RT,I3_P,0,0,0,0
2371,RT,I2_A,0.007751938,0,0.009259259,0
2372,RT,I3_A,0,0,0,0
2373,RT,I1,0,0.012903226,0,0
2374,RT,I4,0,0.012578616,0,0
2375,RT,I5,0,0.006369427,0,0
2376,RT,I6,0,0,0,0.006329114
2377,RV,I2_P,0.018691589,0.026143791,0,0
2378,RV,I3_P,0,0,0,0
2379,RV,I2_A,0.007751938,0,0.018518519,0
2380,RV,I3_A,0,0,0.009259259,0
2381,RV,I1,0.016806723,0,0.025210084,0.006369427
2382,RV,I4,0,0,0.025210084,0.006369427
2383,RV,I5,0.008547009,0.01910828,0,0
2384,RV,I6,0.016806723,0,0,0.012658228
2385,RW,I2_P,0.018691589,0,0,0
2386,RW,I3_P,0,0,0,0
2387,RW,I2_A,0,0,0,0
2388,RW,I3_A,0,0,0,0
2389,RW,I1,0,0,0,0
2390,RW,I4,0,0,0,0
2391,RW,I5,0,0,0,0
2392,RW,I6,0,0,0,0
2393,RY,I2_P,0,0,0,0
2394,RY,I3_P,0,0,0,0
2395,RY,I2_A,0.007751938,0,0,0.006535948
2396,RY,I3_A,0,0,0,0
2397,RY,I1,0,0,0,0
2398,RY,I4,0,0,0,0
2399,RY,I5,0,0,0,0.019230769
2400,RY,I6,0,0,0,0
2401,SA,I2_P,0,0,0,0
2402,SA,I3_P,0,0,0,0
2403,SA,I2_A,0,0,0,0
2404,SA,I3_A,0.015503876,0,0.009259259,0
2405,SA,I1,0,0,0,0
2406,SA,I4,0,0,0,0
2407,SA,I5,0.008547009,0.006369427,0.008403361,0.006410256
2408,SA,I6,0,0,0,0
2409,SC,I2_P,0,0,0,0
2410,SC,I3_P,0,0,0,0
2411,SC,I2_A,0.015503876,0,0.009259259,0
2412,SC,I3_A,0,0,0,0
2413,SC,I1,0,0,0,0
2414,SC,I4,0,0,0,0
2415,SC,I5,0,0,0,0
2416,SC,I6,0,0,0,0
2417,SD,I2_P,0,0,0,0
2418,SD,I3_P,0,0,0,0
2419,SD,I2_A,0,0,0,0
2420,SD,I3_A,0,0,0,0
2421,SD,I1,0,0,0,0
2422,SD,I4,0,0,0,0
2423,SD,I5,0,0,0,0
2424,SD,I6,0,0,0,0
2425,SE,I2_P,0,0,0,0
2426,SE,I3_P,0,0,0,0
2427,SE,I2_A,0,0.005649718,0,0
2428,SE,I3_A,0,0.005649718,0,0
2429,SE,I1,0,0,0,0
2430,SE,I4,0,0,0,0
2431,SE,I5,0,0,0,0.006410256
2432,SE,I6,0,0,0,0
2433,SF,I2_P,0,0,0,0
2434,SF,I3_P,0,0,0,0
2435,SF,I2_A,0.007751938,0,0.009259259,0
2436,SF,I3_A,0,0,0,0
2437,SF,I1,0,0,0,0
2438,SF,I4,0,0,0,0
2439,SF,I5,0,0,0.008403361,0
2440,SF,I6,0,0,0,0
2441,SG,I2_P,0,0,0,0
2442,SG,I3_P,0,0,0,0
2443,SG,I2_A,0,0,0,0
2444,SG,I3_A,0,0,0,0
2445,SG,I1,0,0,0,0
2446,SG,I4,0,0,0,0
2447,SG,I5,0,0,0,0
2448,SG,I6,0,0,0,0
2449,SH,I2_P,0,0,0,0
2450,SH,I3_P,0,0,0,0
2451,SH,I2_A,0,0,0,0
2452,SH,I3_A,0,0,0,0
2453,SH,I1,0,0,0,0
2454,SH,I4,0,0,0,0
2455,SH,I5,0,0,0,0
2456,SH,I6,0,0,0,0
2457,SI,I2_P,0,0,0,0
2458,SI,I3_P,0,0,0,0
2459,SI,I2_A,0,0,0,0
2460,SI,I3_A,0.007751938,0,0.009259259,0
2461,SI,I1,0,0,0,0
2462,SI,I4,0,0,0,0
2463,SI,I5,0.017094017,0,0.016806723,0
2464,SI,I6,0,0,0,0
2465,SK,I2_P,0,0,0,0
2466,SK,I3_P,0,0,0,0
2467,SK,I2_A,0,0,0,0
2468,SK,I3_A,0,0,0,0
2469,SK,I1,0,0,0,0
2470,SK,I4,0,0,0,0
2471,SK,I5,0.008547009,0,0,0.006410256
2472,SK,I6,0,0,0,0
2473,SL,I2_P,0,0,0,0
2474,SL,I3_P,0,0,0,0
2475,SL,I2_A,0,0.005649718,0.009259259,0.006535948
2476,SL,I3_A,0,0.011299435,0.009259259,0.019607843
2477,SL,I1,0,0,0,0
2478,SL,I4,0,0,0,0
2479,SL,I5,0,0.012738854,0.025210084,0.006410256
2480,SL,I6,0.008403361,0.01910828,0.008547009,0
2481,SM,I2_P,0,0,0,0
2482,SM,I3_P,0,0,0,0
2483,SM,I2_A,0,0,0,0
2484,SM,I3_A,0,0,0,0
2485,SM,I1,0,0,0,0
2486,SM,I4,0,0,0,0
2487,SM,I5,0.008547009,0,0,0
2488,SM,I6,0.008403361,0,0,0.006329114
2489,SN,I2_P,0,0,0,0
2490,SN,I3_P,0,0,0,0
2491,SN,I2_A,0,0,0,0
2492,SN,I3_A,0,0.005649718,0,0
2493,SN,I1,0,0,0,0
2494,SN,I4,0,0,0,0
2495,SN,I5,0.008547009,0,0,0
2496,SN,I6,0,0,0,0.012658228
2497,SP,I2_P,0,0,0,0
2498,SP,I3_P,0,0,0,0
2499,SP,I2_A,0,0,0,0
2500,SP,I3_A,0,0,0,0
2501,SP,I1,0,0,0,0
2502,SP,I4,0,0,0,0
2503,SP,I5,0,0,0,0
2504,SP,I6,0,0,0,0
2505,SQ,I2_P,0,0,0,0
2506,SQ,I3_P,0,0,0,0
2507,SQ,I2_A,0,0,0,0
2508,SQ,I3_A,0,0,0,0
2509,SQ,I1,0,0,0,0
2510,SQ,I4,0,0,0,0
2511,SQ,I5,0.008547009,0,0,0
2512,SQ,I6,0,0,0.008547009,0
2513,SR,I2_P,0,0,0,0
2514,SR,I3_P,0,0,0,0
2515,SR,I2_A,0,0,0,0
2516,SR,I3_A,0.007751938,0,0.009259259,0
2517,SR,I1,0,0,0,0
2518,SR,I4,0,0,0,0
2519,SR,I5,0,0,0,0
2520,SR,I6,0,0,0,0
2521,SS,I2_P,0.018691589,0,0.031007752,0.016759777
2522,SS,I3_P,0.018181818,0.013071895,0.038167939,0.02247191
2523,SS,I2_A,0,0,0,0
2524,SS,I3_A,0,0,0,0
2525,SS,I1,0.008403361,0.006451613,0,0
2526,SS,I4,0,0.006289308,0,0
2527,SS,I5,0,0,0,0
2528,SS,I6,0,0,0,0
2529,ST,I2_P,0.018691589,0,0,0
2530,ST,I3_P,0,0,0,0
2531,ST,I2_A,0,0,0,0
2532,ST,I3_A,0,0,0,0
2533,ST,I1,0,0.012903226,0,0
2534,ST,I4,0,0,0,0
2535,ST,I5,0,0,0,0
2536,ST,I6,0,0,0,0
2537,SV,I2_P,0,0.013071895,0,0
2538,SV,I3_P,0,0,0,0
2539,SV,I2_A,0.007751938,0,0.009259259,0
2540,SV,I3_A,0,0,0,0
2541,SV,I1,0,0,0.016806723,0
2542,SV,I4,0,0.012578616,0.016806723,0
2543,SV,I5,0,0.006369427,0.008403361,0
2544,SV,I6,0,0,0,0
2545,SW,I2_P,0,0,0,0
2546,SW,I3_P,0,0,0,0
2547,SW,I2_A,0,0,0,0
2548,SW,I3_A,0,0,0,0
2549,SW,I1,0,0,0,0
2550,SW,I4,0,0,0,0
2551,SW,I5,0,0,0,0
2552,SW,I6,0,0,0,0
2553,SY,I2_P,0,0,0,0
2554,SY,I3_P,0,0.013071895,0,0
2555,SY,I2_A,0,0.005649718,0,0.013071895
2556,SY,I3_A,0,0,0,0
2557,SY,I1,0,0,0,0
2558,SY,I4,0,0,0,0
2559,SY,I5,0,0,0,0
2560,SY,I6,0,0,0,0
2561,TA,I2_P,0,0,0,0
2562,TA,I3_P,0,0,0,0
2563,TA,I2_A,0.007751938,0,0.009259259,0
2564,TA,I3_A,0.015503876,0,0,0
2565,TA,I1,0,0,0,0
2566,TA,I4,0,0,0,0
2567,TA,I5,0,0,0,0.006410256
2568,TA,I6,0,0,0,0
2569,TC,I2_P,0,0,0,0
2570,TC,I3_P,0,0,0,0
2571,TC,I2_A,0,0.005649718,0.009259259,0.006535948
2572,TC,I3_A,0,0,0,0
2573,TC,I1,0,0,0,0
2574,TC,I4,0,0,0,0
2575,TC,I5,0,0,0,0
2576,TC,I6,0,0,0,0
2577,TD,I2_P,0,0,0,0
2578,TD,I3_P,0,0,0,0
2579,TD,I2_A,0,0,0,0
2580,TD,I3_A,0,0,0,0
2581,TD,I1,0,0,0,0
2582,TD,I4,0,0,0,0
2583,TD,I5,0,0,0,0
2584,TD,I6,0,0,0,0
2585,TE,I2_P,0,0,0,0
2586,TE,I3_P,0,0,0,0
2587,TE,I2_A,0.007751938,0,0,0
2588,TE,I3_A,0,0,0,0
2589,TE,I1,0,0,0,0
2590,TE,I4,0,0,0,0
2591,TE,I5,0,0,0,0
2592,TE,I6,0,0.006369427,0,0
2593,TF,I2_P,0,0,0,0
2594,TF,I3_P,0,0,0,0
2595,TF,I2_A,0,0,0,0
2596,TF,I3_A,0,0,0,0
2597,TF,I1,0,0,0,0
2598,TF,I4,0,0,0,0
2599,TF,I5,0,0,0,0
2600,TF,I6,0,0,0,0
2601,TG,I2_P,0,0,0,0
2602,TG,I3_P,0,0,0,0
2603,TG,I2_A,0,0,0,0
2604,TG,I3_A,0,0,0,0
2605,TG,I1,0,0,0,0
2606,TG,I4,0,0,0,0
2607,TG,I5,0,0,0,0
2608,TG,I6,0,0,0,0
2609,TH,I2_P,0,0,0,0
2610,TH,I3_P,0,0,0,0
2611,TH,I2_A,0.007751938,0,0,0
2612,TH,I3_A,0,0,0,0
2613,TH,I1,0,0,0,0
2614,TH,I4,0,0,0,0
2615,TH,I5,0,0,0,0
2616,TH,I6,0,0,0,0
2617,TI,I2_P,0,0,0,0
2618,TI,I3_P,0,0,0,0
2619,TI,I2_A,0,0.005649718,0,0
2620,TI,I3_A,0,0.005649718,0,0
2621,TI,I1,0,0,0,0
2622,TI,I4,0,0,0,0
2623,TI,I5,0,0.012738854,0,0
2624,TI,I6,0,0,0.008547009,0.006329114
2625,TK,I2_P,0,0,0,0
2626,TK,I3_P,0,0,0,0
2627,TK,I2_A,0,0,0,0
2628,TK,I3_A,0.007751938,0.011299435,0,0
2629,TK,I1,0,0,0,0
2630,TK,I4,0,0,0,0
2631,TK,I5,0,0,0,0
2632,TK,I6,0,0,0,0
2633,TL,I2_P,0,0,0,0
2634,TL,I3_P,0,0,0,0
2635,TL,I2_A,0.007751938,0.016949153,0.009259259,0.019607843
2636,TL,I3_A,0,0.016949153,0.009259259,0.032679739
2637,TL,I1,0,0,0,0
2638,TL,I4,0,0,0,0
2639,TL,I5,0,0.012738854,0.008403361,0.025641026
2640,TL,I6,0.016806723,0.031847134,0,0.006329114
2641,TM,I2_P,0,0,0,0
2642,TM,I3_P,0,0,0,0
2643,TM,I2_A,0,0,0,0
2644,TM,I3_A,0,0,0,0
2645,TM,I1,0,0,0,0
2646,TM,I4,0,0,0,0
2647,TM,I5,0.008547009,0,0,0.006410256
2648,TM,I6,0,0,0,0.006329114
2649,TN,I2_P,0,0,0,0
2650,TN,I3_P,0,0,0,0
2651,TN,I2_A,0,0,0,0
2652,TN,I3_A,0,0.005649718,0,0
2653,TN,I1,0,0,0,0
2654,TN,I4,0,0,0,0
2655,TN,I5,0,0,0,0
2656,TN,I6,0,0,0,0.018987342
2657,TP,I2_P,0,0,0,0
2658,TP,I3_P,0,0,0,0
2659,TP,I2_A,0,0,0,0
2660,TP,I3_A,0,0,0,0
2661,TP,I1,0,0,0,0
2662,TP,I4,0,0,0,0
2663,TP,I5,0,0,0,0
2664,TP,I6,0,0,0,0
2665,TQ,I2_P,0,0,0,0
2666,TQ,I3_P,0,0,0,0
2667,TQ,I2_A,0,0,0,0.006535948
2668,TQ,I3_A,0.007751938,0,0,0
2669,TQ,I1,0,0,0,0
2670,TQ,I4,0,0,0,0
2671,TQ,I5,0,0,0.008403361,0.006410256
2672,TQ,I6,0,0,0,0
2673,TR,I2_P,0,0,0,0
2674,TR,I3_P,0,0,0,0
2675,TR,I2_A,0,0,0,0
2676,TR,I3_A,0.007751938,0,0.009259259,0
2677,TR,I1,0,0,0,0
2678,TR,I4,0,0,0,0
2679,TR,I5,0.008547009,0,0,0
2680,TR,I6,0,0,0,0
2681,TS,I2_P,0,0,0,0
2682,TS,I3_P,0,0,0,0
2683,TS,I2_A,0,0,0,0
2684,TS,I3_A,0,0,0,0
2685,TS,I1,0,0,0,0
2686,TS,I4,0,0,0,0
2687,TS,I5,0,0.006369427,0,0
2688,TS,I6,0.008403361,0,0,0
2689,TT,I2_P,0.009345794,0.013071895,0.031007752,0.027932961
2690,TT,I3_P,0,0.006535948,0.038167939,0.039325843
2691,TT,I2_A,0,0,0,0
2692,TT,I3_A,0,0,0,0
2693,TT,I1,0,0.012903226,0,0
2694,TT,I4,0.016806723,0,0,0
2695,TT,I5,0,0.006369427,0,0
2696,TT,I6,0,0,0.008547009,0
2697,TV,I2_P,0,0.013071895,0,0
2698,TV,I3_P,0,0,0,0
2699,TV,I2_A,0,0,0,0
2700,TV,I3_A,0,0,0,0.006535948
2701,TV,I1,0,0,0,0
2702,TV,I4,0,0,0,0
2703,TV,I5,0,0.006369427,0,0
2704,TV,I6,0,0.006369427,0,0.012658228
2705,TW,I2_P,0,0,0,0
2706,TW,I3_P,0,0,0,0
2707,TW,I2_A,0,0,0,0
2708,TW,I3_A,0,0,0.009259259,0
2709,TW,I1,0,0,0,0
2710,TW,I4,0,0,0,0
2711,TW,I5,0,0,0,0
2712,TW,I6,0,0,0,0
2713,TY,I2_P,0,0,0,0
2714,TY,I3_P,0,0,0,0
2715,TY,I2_A,0,0,0,0
2716,TY,I3_A,0,0,0,0
2717,TY,I1,0,0,0,0
2718,TY,I4,0,0,0,0
2719,TY,I5,0,0,0,0
2720,TY,I6,0,0.006369427,0,0
2721,VA,I2_P,0,0,0,0
2722,VA,I3_P,0,0,0,0
2723,VA,I2_A,0.007751938,0.02259887,0.018518519,0
2724,VA,I3_A,0.007751938,0.011299435,0.009259259,0
2725,VA,I1,0,0,0,0
2726,VA,I4,0,0,0,0
2727,VA,I5,0.008547009,0,0,0
2728,VA,I6,0.008403361,0.01910828,0,0.025316456
2729,VC,I2_P,0,0,0,0
2730,VC,I3_P,0,0,0,0
2731,VC,I2_A,0,0,0,0
2732,VC,I3_A,0,0,0,0
2733,VC,I1,0,0,0,0
2734,VC,I4,0,0,0,0
2735,VC,I5,0,0,0.008403361,0
2736,VC,I6,0,0,0,0
2737,VD,I2_P,0,0,0,0
2738,VD,I3_P,0,0,0,0
2739,VD,I2_A,0,0,0,0
2740,VD,I3_A,0,0,0,0
2741,VD,I1,0,0,0,0
2742,VD,I4,0,0,0,0
2743,VD,I5,0,0,0,0
2744,VD,I6,0,0,0.008547009,0
2745,VE,I2_P,0,0,0,0
2746,VE,I3_P,0,0,0,0
2747,VE,I2_A,0.023255814,0.011299435,0.009259259,0.013071895
2748,VE,I3_A,0,0,0,0
2749,VE,I1,0,0,0,0
2750,VE,I4,0,0,0,0
2751,VE,I5,0,0,0,0
2752,VE,I6,0.008403361,0,0,0
2753,VF,I2_P,0,0,0,0
2754,VF,I3_P,0,0,0,0
2755,VF,I2_A,0,0.005649718,0,0
2756,VF,I3_A,0,0,0.009259259,0.006535948
2757,VF,I1,0,0,0,0
2758,VF,I4,0,0,0,0
2759,VF,I5,0,0,0,0
2760,VF,I6,0,0,0,0
2761,VG,I2_P,0,0,0,0
2762,VG,I3_P,0,0,0,0
2763,VG,I2_A,0,0,0,0
2764,VG,I3_A,0,0,0,0
2765,VG,I1,0,0,0,0
2766,VG,I4,0,0,0,0
2767,VG,I5,0,0,0,0
2768,VG,I6,0,0,0,0
2769,VH,I2_P,0,0,0,0
2770,VH,I3_P,0,0,0,0
2771,VH,I2_A,0,0.005649718,0,0
2772,VH,I3_A,0.007751938,0,0,0
2773,VH,I1,0,0,0,0
2774,VH,I4,0,0,0,0
2775,VH,I5,0.008547009,0,0,0
2776,VH,I6,0.008403361,0,0,0
2777,VI,I2_P,0,0,0,0
2778,VI,I3_P,0,0,0,0
2779,VI,I2_A,0.007751938,0.011299435,0.009259259,0.006535948
2780,VI,I3_A,0.015503876,0.005649718,0,0
2781,VI,I1,0,0,0,0
2782,VI,I4,0,0,0,0
2783,VI,I5,0.017094017,0,0,0
2784,VI,I6,0,0,0,0.006329114
2785,VK,I2_P,0,0,0,0
2786,VK,I3_P,0,0,0,0
2787,VK,I2_A,0.007751938,0.005649718,0,0.006535948
2788,VK,I3_A,0.007751938,0.011299435,0,0
2789,VK,I1,0,0,0,0
2790,VK,I4,0,0,0,0
2791,VK,I5,0,0,0,0
2792,VK,I6,0,0.006369427,0,0
2793,VL,I2_P,0,0,0,0
2794,VL,I3_P,0,0,0,0
2795,VL,I2_A,0.015503876,0.101694915,0.037037037,0.137254902
2796,VL,I3_A,0,0.016949153,0.027777778,0.026143791
2797,VL,I1,0,0,0,0
2798,VL,I4,0,0,0,0
2799,VL,I5,0.017094017,0,0.033613445,0.006410256
2800,VL,I6,0.025210084,0.006369427,0.008547009,0.006329114
2801,VM,I2_P,0,0,0,0
2802,VM,I3_P,0,0,0,0
2803,VM,I2_A,0,0.005649718,0,0
2804,VM,I3_A,0,0,0,0.006535948
2805,VM,I1,0,0,0,0
2806,VM,I4,0,0,0,0
2807,VM,I5,0.008547009,0,0.008403361,0
2808,VM,I6,0.008403361,0,0.017094017,0.006329114
2809,VN,I2_P,0,0,0,0
2810,VN,I3_P,0,0,0,0
2811,VN,I2_A,0,0,0,0
2812,VN,I3_A,0.007751938,0.005649718,0,0
2813,VN,I1,0,0,0,0
2814,VN,I4,0,0,0,0
2815,VN,I5,0,0,0,0
2816,VN,I6,0,0,0,0
2817,VP,I2_P,0,0,0,0
2818,VP,I3_P,0,0,0,0
2819,VP,I2_A,0,0,0,0
2820,VP,I3_A,0,0,0,0
2821,VP,I1,0,0,0,0
2822,VP,I4,0,0,0,0
2823,VP,I5,0,0,0,0
2824,VP,I6,0,0,0,0
2825,VQ,I2_P,0,0,0,0
2826,VQ,I3_P,0,0,0,0
2827,VQ,I2_A,0.007751938,0,0,0
2828,VQ,I3_A,0.015503876,0,0,0
2829,VQ,I1,0,0,0,0
2830,VQ,I4,0,0,0,0
2831,VQ,I5,0,0,0,0
2832,VQ,I6,0.008403361,0,0.008547009,0
2833,VR,I2_P,0,0,0,0
2834,VR,I3_P,0,0,0,0
2835,VR,I2_A,0,0,0.009259259,0
2836,VR,I3_A,0.007751938,0,0.018518519,0
2837,VR,I1,0,0,0,0
2838,VR,I4,0,0,0,0
2839,VR,I5,0,0,0,0
2840,VR,I6,0,0,0.008547009,0
2841,VS,I2_P,0,0,0,0
2842,VS,I3_P,0,0,0,0
2843,VS,I2_A,0,0,0,0
2844,VS,I3_A,0.007751938,0,0.009259259,0
2845,VS,I1,0,0,0,0
2846,VS,I4,0,0,0,0
2847,VS,I5,0,0,0,0
2848,VS,I6,0.008403361,0,0,0
2849,VT,I2_P,0,0,0,0
2850,VT,I3_P,0,0,0,0
2851,VT,I2_A,0,0,0,0.006535948
2852,VT,I3_A,0,0,0,0
2853,VT,I1,0,0,0,0
2854,VT,I4,0,0,0,0
2855,VT,I5,0,0,0,0
2856,VT,I6,0,0,0.008547009,0
2857,VV,I2_P,0.028037383,0.045751634,0.069767442,0.17877095
2858,VV,I3_P,0.009090909,0.006535948,0.076335878,0.050561798
2859,VV,I2_A,0,0,0,0
2860,VV,I3_A,0,0,0,0
2861,VV,I1,0,0,0.008403361,0
2862,VV,I4,0.008403361,0.006289308,0.008403361,0
2863,VV,I5,0,0.006369427,0.008403361,0
2864,VV,I6,0,0.012738854,0.017094017,0
2865,VW,I2_P,0,0,0,0
2866,VW,I3_P,0,0,0,0
2867,VW,I2_A,0,0,0,0
2868,VW,I3_A,0,0,0,0
2869,VW,I1,0,0,0,0
2870,VW,I4,0,0,0,0
2871,VW,I5,0,0,0,0
2872,VW,I6,0,0,0,0
2873,VY,I2_P,0,0,0,0
2874,VY,I3_P,0,0,0,0
2875,VY,I2_A,0,0.011299435,0,0
2876,VY,I3_A,0,0,0,0
2877,VY,I1,0,0,0,0
2878,VY,I4,0,0.012578616,0,0
2879,VY,I5,0,0,0,0
2880,VY,I6,0,0,0,0
2881,WA,I2_P,0,0,0,0
2882,WA,I3_P,0,0,0,0
2883,WA,I2_A,0,0,0,0
2884,WA,I3_A,0,0,0,0
2885,WA,I1,0,0,0,0
2886,WA,I4,0,0,0,0
2887,WA,I5,0,0.006369427,0,0
2888,WA,I6,0,0,0,0
2889,WC,I2_P,0,0,0,0
2890,WC,I3_P,0,0,0,0
2891,WC,I2_A,0,0,0,0
2892,WC,I3_A,0,0,0,0
2893,WC,I1,0,0,0,0
2894,WC,I4,0,0,0,0
2895,WC,I5,0,0,0,0
2896,WC,I6,0,0,0,0
2897,WD,I2_P,0,0,0,0
2898,WD,I3_P,0,0,0,0
2899,WD,I2_A,0,0,0,0
2900,WD,I3_A,0,0,0,0
2901,WD,I1,0,0,0,0
2902,WD,I4,0,0,0,0
2903,WD,I5,0,0,0,0
2904,WD,I6,0,0,0,0
2905,WE,I2_P,0,0,0,0
2906,WE,I3_P,0,0,0,0
2907,WE,I2_A,0,0,0,0
2908,WE,I3_A,0,0,0,0
2909,WE,I1,0,0,0,0
2910,WE,I4,0,0,0,0
2911,WE,I5,0,0,0,0
2912,WE,I6,0,0,0,0
2913,WF,I2_P,0,0,0,0
2914,WF,I3_P,0,0,0,0
2915,WF,I2_A,0,0,0,0
2916,WF,I3_A,0,0,0,0
2917,WF,I1,0,0,0,0
2918,WF,I4,0,0,0,0
2919,WF,I5,0,0,0,0.006410256
2920,WF,I6,0,0,0,0
2921,WG,I2_P,0,0,0,0
2922,WG,I3_P,0,0,0,0
2923,WG,I2_A,0,0,0,0
2924,WG,I3_A,0,0,0,0
2925,WG,I1,0,0,0,0
2926,WG,I4,0,0,0,0
2927,WG,I5,0,0,0,0
2928,WG,I6,0,0,0,0
2929,WH,I2_P,0,0,0,0
2930,WH,I3_P,0,0,0,0
2931,WH,I2_A,0,0,0,0
2932,WH,I3_A,0,0,0,0
2933,WH,I1,0,0,0,0
2934,WH,I4,0,0,0,0
2935,WH,I5,0,0,0,0
2936,WH,I6,0,0,0,0
2937,WI,I2_P,0,0,0,0
2938,WI,I3_P,0,0,0,0
2939,WI,I2_A,0,0,0,0
2940,WI,I3_A,0,0,0,0
2941,WI,I1,0,0,0,0
2942,WI,I4,0,0,0,0
2943,WI,I5,0,0,0,0
2944,WI,I6,0,0,0,0
2945,WK,I2_P,0,0,0,0
2946,WK,I3_P,0,0,0,0
2947,WK,I2_A,0,0,0,0
2948,WK,I3_A,0,0,0,0
2949,WK,I1,0,0,0,0
2950,WK,I4,0,0,0,0
2951,WK,I5,0,0,0,0
2952,WK,I6,0,0,0,0
2953,WL,I2_P,0,0,0,0
2954,WL,I3_P,0,0,0,0
2955,WL,I2_A,0.007751938,0,0,0
2956,WL,I3_A,0,0,0,0
2957,WL,I1,0,0,0,0
2958,WL,I4,0,0,0,0
2959,WL,I5,0,0,0,0
2960,WL,I6,0,0,0,0
2961,WM,I2_P,0,0,0,0
2962,WM,I3_P,0,0,0,0
2963,WM,I2_A,0,0,0,0
2964,WM,I3_A,0,0,0,0
2965,WM,I1,0,0,0,0
2966,WM,I4,0,0,0,0
2967,WM,I5,0,0,0,0
2968,WM,I6,0,0,0,0
2969,WN,I2_P,0,0,0,0
2970,WN,I3_P,0,0,0,0
2971,WN,I2_A,0,0,0,0
2972,WN,I3_A,0,0,0,0
2973,WN,I1,0,0,0,0
2974,WN,I4,0,0,0,0
2975,WN,I5,0,0,0,0
2976,WN,I6,0,0,0,0
2977,WP,I2_P,0,0,0,0
2978,WP,I3_P,0,0,0,0
2979,WP,I2_A,0,0,0,0
2980,WP,I3_A,0,0,0,0
2981,WP,I1,0,0,0,0
2982,WP,I4,0,0,0,0
2983,WP,I5,0,0,0,0
2984,WP,I6,0,0,0,0
2985,WQ,I2_P,0,0,0,0
2986,WQ,I3_P,0,0,0,0
2987,WQ,I2_A,0,0,0,0
2988,WQ,I3_A,0,0,0,0
2989,WQ,I1,0,0,0,0
2990,WQ,I4,0,0,0,0
2991,WQ,I5,0,0,0,0
2992,WQ,I6,0,0,0,0
2993,WR,I2_P,0,0,0,0
2994,WR,I3_P,0,0,0,0
2995,WR,I2_A,0,0,0,0
2996,WR,I3_A,0,0,0,0
2997,WR,I1,0,0,0,0
2998,WR,I4,0,0,0,0
2999,WR,I5,0,0,0,0
3000,WR,I6,0,0,0,0
3001,WS,I2_P,0,0,0,0
3002,WS,I3_P,0,0,0,0
3003,WS,I2_A,0,0,0,0
3004,WS,I3_A,0,0,0,0
3005,WS,I1,0,0,0,0
3006,WS,I4,0,0,0,0
3007,WS,I5,0,0,0,0
3008,WS,I6,0,0,0,0
3009,WT,I2_P,0,0,0,0
3010,WT,I3_P,0,0,0,0
3011,WT,I2_A,0,0,0.009259259,0
3012,WT,I3_A,0,0,0,0
3013,WT,I1,0,0,0,0
3014,WT,I4,0,0,0,0
3015,WT,I5,0,0,0,0
3016,WT,I6,0,0,0,0
3017,WV,I2_P,0,0,0,0
3018,WV,I3_P,0,0,0,0
3019,WV,I2_A,0,0,0,0
3020,WV,I3_A,0,0,0,0
3021,WV,I1,0,0,0,0
3022,WV,I4,0,0,0,0
3023,WV,I5,0,0,0,0
3024,WV,I6,0,0,0,0
3025,WW,I2_P,0,0,0.007751938,0
3026,WW,I3_P,0,0,0,0
3027,WW,I2_A,0,0,0,0
3028,WW,I3_A,0,0,0,0
3029,WW,I1,0,0,0,0
3030,WW,I4,0,0,0,0
3031,WW,I5,0,0,0,0
3032,WW,I6,0,0,0,0
3033,WY,I2_P,0,0,0,0
3034,WY,I3_P,0,0,0,0
3035,WY,I2_A,0,0,0,0
3036,WY,I3_A,0,0,0,0
3037,WY,I1,0,0,0,0
3038,WY,I4,0,0,0,0
3039,WY,I5,0,0,0,0
3040,WY,I6,0,0,0,0
3041,YA,I2_P,0,0,0,0
3042,YA,I3_P,0,0,0,0
3043,YA,I2_A,0,0,0,0
3044,YA,I3_A,0,0,0,0
3045,YA,I1,0,0,0,0
3046,YA,I4,0,0,0,0
3047,YA,I5,0,0,0,0
3048,YA,I6,0,0,0,0
3049,YC,I2_P,0,0,0,0
3050,YC,I3_P,0,0,0,0
3051,YC,I2_A,0,0,0,0
3052,YC,I3_A,0,0,0,0
3053,YC,I1,0,0,0,0
3054,YC,I4,0,0,0,0
3055,YC,I5,0,0,0,0
3056,YC,I6,0,0,0,0
3057,YD,I2_P,0,0,0,0
3058,YD,I3_P,0,0,0,0
3059,YD,I2_A,0,0,0,0
3060,YD,I3_A,0,0,0,0
3061,YD,I1,0,0,0,0
3062,YD,I4,0,0,0,0
3063,YD,I5,0,0,0,0
3064,YD,I6,0,0,0,0
3065,YE,I2_P,0,0,0,0
3066,YE,I3_P,0,0,0,0
3067,YE,I2_A,0,0,0,0
3068,YE,I3_A,0,0,0,0
3069,YE,I1,0,0,0,0
3070,YE,I4,0,0,0,0
3071,YE,I5,0,0,0,0
3072,YE,I6,0,0.006369427,0,0.006329114
3073,YF,I2_P,0,0,0,0
3074,YF,I3_P,0,0,0,0
3075,YF,I2_A,0,0,0,0.006535948
3076,YF,I3_A,0,0,0,0
3077,YF,I1,0,0,0,0
3078,YF,I4,0,0,0,0
3079,YF,I5,0,0,0,0
3080,YF,I6,0,0,0,0
3081,YG,I2_P,0,0,0,0
3082,YG,I3_P,0,0,0,0
3083,YG,I2_A,0,0,0,0
3084,YG,I3_A,0,0,0,0
3085,YG,I1,0,0,0,0
3086,YG,I4,0,0,0,0
3087,YG,I5,0,0,0,0
3088,YG,I6,0,0,0,0
3089,YH,I2_P,0,0,0,0
3090,YH,I3_P,0,0,0,0
3091,YH,I2_A,0,0,0,0
3092,YH,I3_A,0,0,0,0
3093,YH,I1,0,0,0,0
3094,YH,I4,0,0,0,0
3095,YH,I5,0,0,0,0
3096,YH,I6,0,0,0,0
3097,YI,I2_P,0,0,0,0
3098,YI,I3_P,0,0,0,0
3099,YI,I2_A,0.007751938,0,0,0.006535948
3100,YI,I3_A,0,0.005649718,0.009259259,0.006535948
3101,YI,I1,0,0,0,0
3102,YI,I4,0,0,0,0
3103,YI,I5,0,0,0,0
3104,YI,I6,0,0,0,0.006329114
3105,YK,I2_P,0,0,0,0
3106,YK,I3_P,0,0,0,0
3107,YK,I2_A,0,0,0,0
3108,YK,I3_A,0,0,0,0
3109,YK,I1,0,0,0,0
3110,YK,I4,0,0,0,0
3111,YK,I5,0,0,0,0
3112,YK,I6,0,0,0,0
3113,YL,I2_P,0,0,0,0
3114,YL,I3_P,0,0,0,0
3115,YL,I2_A,0,0.016949153,0.009259259,0
3116,YL,I3_A,0,0.011299435,0,0.006535948
3117,YL,I1,0,0,0,0
3118,YL,I4,0,0,0,0
3119,YL,I5,0,0,0,0
3120,YL,I6,0,0.012738854,0,0
3121,YM,I2_P,0,0,0,0
3122,YM,I3_P,0,0,0,0
3123,YM,I2_A,0,0,0,0
3124,YM,I3_A,0,0,0,0
3125,YM,I1,0,0,0,0
3126,YM,I4,0,0,0,0
3127,YM,I5,0,0,0,0
3128,YM,I6,0,0,0,0
3129,YN,I2_P,0,0,0,0
3130,YN,I3_P,0,0,0,0
3131,YN,I2_A,0,0,0,0
3132,YN,I3_A,0,0.005649718,0,0.006535948
3133,YN,I1,0,0,0,0
3134,YN,I4,0,0,0,0
3135,YN,I5,0,0,0,0
3136,YN,I6,0,0,0,0.006329114
3137,YP,I2_P,0,0,0,0
3138,YP,I3_P,0,0,0,0
3139,YP,I2_A,0,0,0,0
3140,YP,I3_A,0,0,0,0
3141,YP,I1,0,0,0,0
3142,YP,I4,0,0,0,0
3143,YP,I5,0,0,0,0
3144,YP,I6,0,0,0,0
3145,YQ,I2_P,0,0,0,0
3146,YQ,I3_P,0,0,0,0
3147,YQ,I2_A,0,0,0,0
3148,YQ,I3_A,0,0,0,0
3149,YQ,I1,0,0,0,0
3150,YQ,I4,0,0,0,0
3151,YQ,I5,0,0,0,0
3152,YQ,I6,0,0,0,0
3153,YR,I2_P,0,0,0,0
3154,YR,I3_P,0,0,0,0
3155,YR,I2_A,0,0,0,0
3156,YR,I3_A,0.007751938,0,0,0.006535948
3157,YR,I1,0,0,0,0
3158,YR,I4,0,0,0,0
3159,YR,I5,0,0,0,0
3160,YR,I6,0,0,0,0
3161,YS,I2_P,0,0,0,0
3162,YS,I3_P,0,0,0,0
3163,YS,I2_A,0,0,0,0
3164,YS,I3_A,0,0.005649718,0,0.013071895
3165,YS,I1,0,0,0,0
3166,YS,I4,0,0,0,0
3167,YS,I5,0,0,0,0
3168,YS,I6,0,0,0,0
3169,YT,I2_P,0,0,0,0
3170,YT,I3_P,0,0,0,0
3171,YT,I2_A,0,0,0,0
3172,YT,I3_A,0,0,0,0
3173,YT,I1,0,0,0,0
3174,YT,I4,0,0,0,0
3175,YT,I5,0,0,0,0
3176,YT,I6,0,0,0,0
3177,YV,I2_P,0,0,0,0
3178,YV,I3_P,0,0,0,0
3179,YV,I2_A,0,0,0,0
3180,YV,I3_A,0,0.011299435,0,0
3181,YV,I1,0,0,0,0
3182,YV,I4,0,0,0,0
3183,YV,I5,0,0,0,0
3184,YV,I6,0,0,0,0
3185,YW,I2_P,0,0,0,0
3186,YW,I3_P,0,0,0,0
3187,YW,I2_A,0,0,0,0
3188,YW,I3_A,0,0,0,0
3189,YW,I1,0,0,0,0
3190,YW,I4,0,0,0,0
3191,YW,I5,0,0,0,0
3192,YW,I6,0,0,0,0
3193,YY,I2_P,0,0,0.007751938,0.016759777
3194,YY,I3_P,0,0,0.007633588,0.039325843
3195,YY,I2_A,0,0,0,0.006535948
3196,YY,I3_A,0,0,0,0.006535948
3197,YY,I1,0,0,0,0
3198,YY,I4,0,0.006289308,0,0
3199,YY,I5,0,0,0,0
3200,YY,I6,0,0,0,0
3201,Sum,I2_P,1,1,1,1
3202,Sum,I3_P,1,1,1,1
3203,Sum,I2_A,1,1,1,1
3204,Sum,I3_A,1,1,1,1
3205,Sum,I1,1,1,1,1
3206,Sum,I4,1,1,1,1
3207,Sum,I5,1,1,1,1
3208,Sum,I6,1,1,1,1
