aa_seq,total_score,affinity_score,cc_score
LNQHIAAIKQEGAAFRQVRAALEQLI,3.243376255,1.638343834,1.605032422
LIQEIAAIKQEIAALEQIQAAKKQKI,1.861916764,0.961883792,0.900032973
LLQLIAAIDQEIAACFQERAALEQII,3.248614077,1.524166195,1.724447883
VIQEIAAVEQQIAALRQDRAALQQQI,2.745805969,1.312959885,1.432846084
EEQVSAAIQQKIAALVQDRAALEQAI,1.818505627,1.095470693,0.723034935
LIQIIAAISQEAAAMEQTRAALKQLI,3.397488275,1.773162104,1.624326172
LKQIIAAISQQIAASEQVRAALQQII,3.807797265,1.971618099,1.836179166
LLQQIAAIKQVIAALEQKIAALLQII,3.47351495,1.621856741,1.851658209
LRQKTAAIGQLIAAVVQQRAAIEQII,1.902764928,1.137795687,0.764969241
LIQEIAAIYQEIAAMEQRVAALQQAI,2.901914834,1.379665911,1.522248923
LIQRIAAIEQMIAALSQIRAALSQRI,3.840444425,1.750749695,2.08969473
LKQKIAAIKQVTAAASQLRAALKQLI,3.257027959,1.688920548,1.568107411
LSQKIAAIKQVIAALLQERAALIQIC,2.474113862,1.06248055,1.411633312
LLQIIAAIMQSIAAFEQARAALKQII,3.456556488,1.591057792,1.865498697
LIQNIAAIEQEIAALRQIHAALKQII,3.256027584,1.415095611,1.840931974
LNQVIAAIQQRIAAFRQKRAALEQEQ,2.681688537,1.332932872,1.348755664
IQQKIAAIKQAIAAFTQERAALQQAI,2.663554775,1.43198743,1.231567345
LGQRIAAIEQEIAAVKQIAAALEQII,2.628376114,1.253800605,1.374575509
LIQHIAAIQQQIAALSQDRAALYQAI,3.263257077,1.242782343,2.020474734
LKQIIAAISQQIAASEQNRAALQQII,3.720885611,1.922655383,1.798230228
LEQKIAAVAQEIAALEQIQAALKQLI,3.441809886,1.686320816,1.75548907
LLQKIAAIKQAIAALQQMQAALIQAI,3.296078552,1.453397358,1.842681194
FKQIIAAISQQIAAAKQLRAALEQRI,2.683614661,1.504106068,1.179508593
LEQFIAAIEQRIAALEQNRAALAQII,3.363211408,1.428329878,1.93488153
LEQQIAAIKQVKAALEQKRAALEQKI,2.468757133,1.331968529,1.136788604
LEQIIAAIEQVIAALQQKIAALLQII,3.790974918,1.887766179,1.903208739
LIQRIAAIKQQIAALSQLRAALKQLI,3.702736783,1.762074082,1.940662701
EEQQIAAILQRQAAVVQIRAALMQVR,2.910324753,1.565511321,1.344813432
EIQEIAAIEQTIAALRQIKAALRQEI,3.139544538,1.548955909,1.59058863
LEQVIAAIQQKIAALVQDIAALEQII,3.324906753,1.469128526,1.855778228
LIQEIAAIKQHIAALRQDRAALQQQI,3.413670838,1.403026102,2.010644736
LEQKIAAIEQRIAALKQLRAALEQRI,3.67440402,1.78732407,1.88707995
VVQLIAAIEQVIAASEQIRAALQQAD,2.892459236,1.519247012,1.373212224
LIQRIAALEQQIAALSQQRAALKQAI,2.098429763,0.891952123,1.20647764
LIQEIAAIEQVIAATQQKRAALEQSI,3.369266399,1.739969061,1.629297338
LRQHIAAISQIQAAEEQLRAALEQEI,3.722952983,2.102728235,1.620224748
LSQIIAAIVQSIAALSQKLAALEQII,2.618435783,0.999009764,1.619426019
LIQEIAAIEQAIAALRQIKAALEQQI,3.7302674,1.681610322,2.048657078
LEQRIAAIDQQIAALRQVRAALDQQI,3.33966886,1.308324173,2.031344688
LRQIMAAIEQRIAAFRQVRAALQQRI,2.877879017,1.65608328,1.221795737
LIQHLAAIQQQIAALSQTRAALEQEA,2.014747278,1.069777892,0.944969386
RIQRIAAIEQQIAALEQLRAALEQRA,3.146096975,1.72192615,1.424170825
LIQTIAAIAQLRAACIQKIAALEQII,2.905518516,1.31498779,1.590530726
LLQLIAAIDQQIAALRQDRAALQQQI,3.118264123,1.112817619,2.005446504
QIQEIAAIEQEIAAVDQARAALQQAI,2.946472132,1.664062706,1.282409427
LIQEIAASEQAAAAVQQIIAALMQLL,2.119641393,1.230146894,0.889494499
LIQQIAAISQRIAALSQLRAALEQII,3.685756114,1.668660292,2.017095822
LNQHIAAEKQEGAAFRQLSAALAQII,1.714441223,0.727165131,0.987276093
LLQQIAAIKQEIAACHQERAALQQLI,3.483999316,1.776811742,1.707187575
QKQLIAAIQQEIAALEQKRAALKQAI,3.010152953,1.679913171,1.330239782
LDQHIAAISQLWAAEEQARAALEQLI,3.32002162,1.689758274,1.630263346
LEQKIAAILQAIAAFTQLRAALEQEI,3.511612924,1.839546279,1.672066645
MIQTIAAIDQEIAALHQKRAALDQII,2.586083196,1.043677297,1.5424059
LRQKIAAIIQLIAAVEQKRAALQQEQ,2.830166884,1.51401156,1.316155324
LRQKIAAIGQLIAAVLQKIAALQQAS,2.24014,1.154162778,1.085977222
LIQIRAAIEQQIAAVVQKVAALQQKI,2.256469284,1.293532792,0.962936493
LEQRIAAIKQQIAALRQDRAALEQQI,3.473209595,1.619969883,1.853239712
LRQKIAAIEQMIAALTQRRAALKQII,3.837596944,1.793781025,2.043815919
LRQKIAAIEQLIAAEEQERAALRQER,2.953671505,1.616452773,1.337218733
LGQAIAAIMQQMAASEQTRAALKQII,2.856861248,1.211998911,1.644862338
LLQEIAAIKQELAALKQAIAALEQFI,2.069418334,0.996341189,1.073077145
LIQEIAAIEQVAAAVQQAIAALQQII,3.368233547,1.71166608,1.656567467
HRQLIAAIEQQVAAFTQEIAALQQNI,2.142145486,1.223727714,0.918417773
LKQLIAAIEQVIAAFRQVVAACMQRI,1.65534028,0.858786133,0.796554147
LFQIIAAISQQIAALSQARAAVQQEI,2.504062705,1.248030196,1.256032509
LKQIIAAIEQEIAAVLQKIAALQQAI,3.344254341,1.656893777,1.687360565
KQQKIAAISQLQAAEEQARAALEQLI,3.039439778,1.955086806,1.084352973
LIQHIAAIQQRIAALKQLRAALEQRI,3.581681838,1.639271011,1.942410827
LGQRIAAIEQEIAALSQELAALEQAE,2.121521374,1.052285232,1.069236143
LEQKIAAIHQAIAAFEQEQAALIQDI,3.290952554,1.690940583,1.600011971
LQQIIAAIRQLIAALTQIRAALEQEI,3.542856531,1.623581022,1.919275509
LIQEIAAIEQEIAACHQKRAALEQII,3.511387578,1.788430664,1.722956914
LEQVIAAIQQKIAALVQDIAALEQII,3.324906753,1.469128526,1.855778228
LLQQIAAIRQAIAALQQMQAALIQAI,3.093659291,1.211776305,1.881882986
LQQIIAAQEQIIAASGQNRAALRQRI,2.460812472,1.080826311,1.379986161
LIQKIAAIEQEIAAMHQKRAALEQIE,2.711653233,1.426035693,1.28561754
LNQHIAAIKQAIAAEEQIRAALLQII,3.249266416,1.493138718,1.756127698
LGQKIAAINQKAAAEIQIRAAHEQEI,1.902536934,1.040866909,0.861670025
MLQQIAAIKQAIAATEQLQAALEQII,2.311594567,1.311284766,1.000309801
LQQELAAIGQEIAALKQAAAALKQAI,2.346429226,1.252990558,1.093438669
LNQVIAAISQCIAAIIQIRAALIQAI,3.034107126,1.355347672,1.678759454
LIQIIAAIIQEIAALEQIQAALEQEI,3.591438621,1.782678467,1.808760154
LIQILAAIEQQIAASHQQRAALQQGI,2.769507927,1.441348866,1.328159061
LLQSIAAIEQLTAAVLQARAALDQLI,3.080880716,1.468057498,1.612823218
LIQEIAAIDQIAAASEQNRAALRQIR,2.735742389,1.22069532,1.515047069
EIQEIAAIEQRIAAVDQKRAALVQRI,2.930618679,1.550970188,1.379648492
LNQEIAAIEQEIAALRQINAALEQQI,2.861325171,1.347738503,1.513586668
LNQKIAAIEQRIAAQQQARAALKQII,3.535776208,1.820733957,1.715042251
LRQEIAAIKQEIAALGQDRAAHQQAI,2.092846883,1.015457887,1.077388997
LQQIIAAMHQQIAAVEQIRAALEQEI,3.017285389,1.64937947,1.367905919
VEQEIAAIEQRKAAQDQCRAALQQAI,2.870913561,1.598290049,1.272623512
LIQKIAAIMQVIAALQQKRAALEQSI,3.456070625,1.488635676,1.967434949
LLQIIAAISQCNAAKDQARAALQQLI,2.67098959,1.179288062,1.491701529
LIQTIAAIEQEIAALSQKRAALEQIL,3.00657178,1.49047511,1.51609667
FAQIIAAISQQIAAHSQARAALNQII,2.501958052,1.214680774,1.287277278
LEQIIAAIEQEIAAIAQFRAALQQAI,3.521361991,1.835030693,1.686331298
IAQIIAAIEQVIAATQQKRAALEQSI,2.390935549,1.316414406,1.074521144
LIQEIAAIEQEEAALRQIKAALEQRI,3.043417571,1.520694609,1.522722962
LQQIIAAIEQQRAAVLQIRAALIQII,3.195806459,1.506391568,1.689414892
LIQIIAAISQQQAALSQARAALDQEI,2.963659344,1.349582791,1.614076554
LIQRIAAISQLIAALSQKRAAMEQII,2.603734822,1.290591838,1.313142984
LRQKIAAIEQQIAAISQLRAALKQEI,3.767061998,2.172944485,1.594117514
LNQKIAAIEQQIAALLQIRAALFQVI,3.461944202,1.472115043,1.98982916
LQQAIAAIQQKIAAFRQVIAALLQRI,3.209623892,1.514761904,1.694861989
LRQKIAAIKQEIAALKQARAALVQLI,3.82877743,1.874635623,1.954141807
LLQEIAAEEQMEAALTQRRAALKQII,1.734006104,0.652338786,1.081667318
LSQIIAAIEQSIAALSQKRAALEQII,3.844976566,1.821511317,2.023465249
LEQLIAAIEQQIAAFRQVEAALIQII,3.445563588,1.754226395,1.691337193
LIQEIAAIEQEIAALRQIRAALRQEL,3.167181206,1.595518288,1.571662919
LRQHQAAISQQIAAVEQIKAALEQQI,2.997176467,1.705226453,1.291950014
LNQHIAAIQQQVAALSQIRAALEQEI,1.612767009,0.906484409,0.706282601
LIQKIAAINQKAAAFRQVMAALRQRI,3.105774353,1.305314112,1.800460241
LIQTIAAIEQEIAARSQKRAAVEQII,2.563500955,1.409754663,1.153746292
RIQRIAAIQQKIAAVSQDRAALQQAI,2.85841574,1.414981341,1.443434399
LVQIIAAIEQRIAACHQARAALQQAI,3.415484978,1.641100879,1.774384099
TQQKIAAIMQEIAAFTQERAALFQAI,2.661620685,1.414339414,1.247281271
LIQHIAAIQQTIAACVQIEAALEQEA,2.324997439,1.290298204,1.034699235
LFQMIAAIEQAIAALIQKIAALEQII,3.35992433,1.391564322,1.968360008
LIQQIAAISQVIAAFTQMRAALQQAK,2.614666518,1.344311268,1.27035525
LEQLIAAIEQRIAALSQLRAALEQII,3.838085795,1.867783678,1.970302117
LIQHIAAISQLQAAEEQARAALEQII,3.544633441,1.855219063,1.689414378
LLQQIAAIKQQIAALVQIRAALSQII,3.694804562,1.709084102,1.98572046
LEQLLAAIKQEIAASQQTRAALKQII,2.715408857,1.429964309,1.285444548
LLQALAAIKQEIAALKQARAAMKQLE,2.014506164,1.196614874,0.81789129
LLQSIAALEQLAAAVKQARAALKQLI,1.479927325,0.633371301,0.846556024
VRQKIAAIEQLIAAVVQLRAALEQII,3.407708598,2.027795325,1.379913274
LIQEVAAIQQMIAALEQSMAAEQQNI,1.888409876,0.896620565,0.991789311
LIQEIAAINQRRAALDQKRAALQQAI,2.898567715,1.258935455,1.63963226
LLQIIAAISQCIAAKDQARAALQQQI,2.996280489,1.302594446,1.693686043
LIQKGAAIGQQIAAFKQLRAALQQLI,2.692300387,1.513489223,1.178811165
LEQKIAAIGQQIAAKDQAIAALRQRQ,2.605732038,1.532618462,1.073113575
LNQVIAAIAQEIAALEQIQAALSQII,3.465722293,1.600902331,1.864819962
EGQIIAAIEQEIAAFKQIIAALEQAQ,2.731240556,1.464148102,1.267092453
LQQIIAALEQVIAAFEQNRAALLQII,2.000746735,0.920890652,1.079856084
AEQQIAAVAQEIAALAQIQAALKQLI,2.458706134,1.300958562,1.157747571
LEQQIAAVAQSIAALRQNRAALDQQI,2.795918675,0.993020269,1.802898407
LQQKIAAIEQRIAALEQLQAAIEQAI,2.178399273,1.346246135,0.832153138
LLQSIAAQEQLAAACKQARAACKQLI,1.524632991,0.840906324,0.683726667
LQQIIAAIEQQIAAVLQIRAALMQVI,3.35875025,1.576785523,1.781964727
VIQQIAAIQQRQAAVFQIRAALIQII,2.815818964,1.421318388,1.394500577
LNQRIAAIIQQIAASEQNRAALQQII,3.504327567,1.75374418,1.750583387
LKQIIAAISQEIAALMQIQAALEQEI,3.311967787,1.501051208,1.810916579
LIQIIAAISQCIAAVIQSVAALIQAI,2.66283991,1.121800802,1.541039108
LRQIMAAIEQRIAAFRQVRAALQQRQ,2.136782518,1.34594893,0.790833588
LEQQIAAVAQEIAALEQIQAALSQII,3.598590255,1.796061644,1.802528612
LRQIIAAISQRIAALSQLRAALKQLI,3.970070139,1.959518386,2.010551754
LKQIIAAISQMIAALRQDDAALDQMI,2.835422612,0.913330212,1.9220924
LIQIIAAIMQAIAACFQCRAALEQII,3.065157691,1.346729953,1.718427738
LFQIIAAIKQRIAALEQRRAALQQII,3.591382679,1.618255081,1.973127598
ISQEIAAIFQQIAASEQNRAALQQII,2.648440168,1.407370211,1.241069958
LNQLIAAISQLQAAEEQARAALQQAI,3.570430564,1.864949715,1.705480849
PSQAIAAIKQEIAALEQIRAALLQII,2.920241112,1.426356889,1.493884224
QEQLIAACKQAGAAFRQSRAALIQAI,1.678832029,0.973763712,0.705068317
LEQIIAAIKQERAALEQVRAALEQII,3.001103972,1.48765337,1.513450603
LVQEIAAFKQEIAALKQLRAALKQII,2.629046055,1.161221913,1.467824142
LNQHIAAIEQVIAALQQERAALKQII,3.735779376,1.740925767,1.994853609
LKQIIAAIEQEIAAVLQKIAALQQAI,3.344254341,1.656893777,1.687360565
IEQQIAAIEQQIAALSQDRAALEQAI,2.938630726,1.547352301,1.391278425
LEQRIAAIDQQIAALRQDRAALDQQI,3.188163171,1.175659141,2.012504031
LGQMMAAIEQESAALSQEIAALEQEI,1.288254008,0.851182226,0.437071782
LGQKIAAIMQTIAAESQISAALEQRI,2.593087926,1.147361283,1.445726643
LEQIIAAIQQQIAAQQQQRAALQQAI,3.527977678,1.862697003,1.665280676
EEQEIAAIEQVIAALQQKVAALEQSI,2.615557551,1.44860616,1.166951391
LIQIIAAIMQAIAACHQERAALEQII,3.346896725,1.61383001,1.733066715
LEQKIAAIEQRIAALKQLRAALEQRI,3.67440402,1.78732407,1.88707995
LIQEIAAIKQHIAALRQDRAALQQQA,2.512862013,1.094226222,1.418635792
LDQHIAAIKQHIAALRQDEAACEQEI,1.746461105,0.69276869,1.053692415
LLQLIAAIQQAIAAFLQARAALDQAI,3.384741314,1.536091029,1.848650285
LLQSIAAIEQAIAALEQSLAALKQII,2.648893279,1.081767651,1.567125628
LSQKIAAIEQMIAALTQRRAAFKQII,2.21754583,1.029953922,1.187591909
LQQIIAAIEQQIAAFRQVIAALLQRI,3.558506432,1.87335281,1.685153622
LNQKIAAIQQKIAAVKQMFAALEQKI,2.703897178,1.214697766,1.489199412
LEQIIAAIMQTIAAQDQQRAALQQAI,3.357048091,1.685264177,1.671783914
EEQQIAAILQRQAAVFQIRAALEQEM,2.776409958,1.586952978,1.189456979
LIQMIAAIEQAIAALVQIRAALEQGW,2.790821932,1.261239093,1.529582839
LSQKLAAIEQMIAALHQRRAALKQII,3.039147782,1.41227987,1.626867912
CQQKIAAVAQEIAAGAQIQAALKQLI,2.509180603,1.502427263,1.00675334
LAQKIAAVAQEIAASEQIQAARKQLI,2.356637792,1.271821091,1.084816701
LNQVIAAIAQEIAALEQIQAALQQRI,3.583471829,1.736197984,1.847273845
LIQHIAAIEQQKAASSQNRAALEQEI,3.369388419,1.771488384,1.597900035
LMQEIAAILQVIAAVIQIRAALEQEI,3.247494964,1.516463005,1.731031959
LSQEIAAIQQQIAASEQNRAALIQAI,3.571259215,1.783344653,1.787914562
LEQQIAAVAQEIAAFAQIQAALKQLI,3.305344251,1.735200422,1.570143829
LIQRSAAIEQKIAALSQLRAALEQDI,2.793802163,1.549703936,1.244098227
LQQIIAAISQQIAASEQMRAALIQAI,3.759043128,1.94625644,1.812786688
LIQIIAAISQCIAAVIQIRAALQQII,3.269164321,1.482195045,1.786969276
LEQRIAAIDQQIAALAQIQAALKQLI,3.246463032,1.467761913,1.778701119
LAQHIAAIAQQIAALSQIRAALEQEA,2.577906001,1.200476427,1.377429575
LEQIIAAILQLIAAVSQDRAALQQAE,2.729236509,1.417964083,1.311272426
RIQRIAAIQQKIAALSQLRAALKQLI,3.185648449,1.583568228,1.602080221
LIQHIAAIQQQIAALSQDRAALEQAI,3.477669164,1.481581744,1.99608742
ENQLIAAIEQVIAAFTQERAALQQEI,2.915315515,1.627948652,1.287366863
LIQEIAAVQQEIAALEQAIAALRQRI,3.497695343,1.670779553,1.82691579
LQQIIAAIEQQIAASGQNKAALRQRI,3.347383658,1.550250755,1.797132902
LLQMIAAIEQLAAAVKQARAALKQLI,3.107136622,1.473324528,1.633812094
LKQHQAAIVQQIAAVEQIRAALEQEI,2.577437151,1.322369211,1.255067941
LRQIIAAIGQRAAASIQDRAALQQAI,3.46684094,1.578961003,1.887879937
LEQILAAISQEIAALSQARAALKQRI,3.144347184,1.589944369,1.554402815
LRQHMAAIEQVKAAFRQARAALIQRI,2.465440255,1.333182739,1.132257517
LIQEIAAVQQEIAALEQAIAALRQAI,3.520871493,1.670779553,1.85009194
LRQIIAAIQQQIAAEQQARAALKQII,3.754781759,1.991123906,1.763657853
LSQDIAAIEQRIAAQSQARAALKQII,3.403925485,1.677100104,1.726825381
LIQRIAAIEQQIAAVSQLRAALKQIQ,2.937110795,1.563548973,1.373561822
TNQRIAAIEQRIAACDQERAALVQLI,2.896026364,1.681106498,1.214919866
LIQEIAAIEQEIAAVEQSRAALEQEI,3.611145712,1.855398086,1.755747626
LRQIIAAMHQQIAAQHQRRAALEQII,2.790721997,1.485834862,1.304887135
LVQKIAAIEQKQAAVVQRRAADEQAI,2.162380237,1.250048935,0.912331302
LNQKIAAIEQRIAAQQQARAALKQII,3.535776208,1.820733957,1.715042251
LLQEIAAIMQSIAAFLQERAALIQII,3.189346408,1.410666835,1.778679573
WEQIIAAIEQRIAAFRQVRAALQQRI,3.425008989,2.027833281,1.397175709
LGQRIAAIEQEIAALTQERAALQQAI,3.545299684,1.585272401,1.960027283
LIQIIAAIRQEQAALEQAIAALLQRI,2.885170131,1.459182561,1.42598757
LGQKIAAINQKAAAEIQIRAALKQSI,3.163389037,1.395019192,1.768369846
LEQRIAATEQQIAALLQLRAALEQEI,2.97394472,1.440312617,1.533632104
LIQEIAAIEQRIAAVDQKRAALQQNI,3.498995557,1.642899267,1.85609629
RQQKEAAIKQERAAFRQVRAALRQNI,2.01550318,1.343958375,0.671544806
LEQIIAAILQLQAAFLQRRAALIQII,3.435942571,1.7239275,1.712015071
LSQIIAAIMQIIAAVVQRRAALEQAI,3.566599261,1.762216821,1.80438244
LRQIIAAIQQQIAAESQARAALKQII,3.738550722,1.981128485,1.757422238
LIQQIAAIEQEIAALSQKRAALEQII,3.917855427,1.91697121,2.000884218
LIQKIAALQQKVAAISQKRAALQQII,1.391109327,0.582107175,0.809002152
LIQRIAAIEQLIAALSQVRAALKQAI,3.764812618,1.732862348,2.03195027
LMQIIAAISQQIAASEQNAAALMQLH,2.054020482,1.245969725,0.808050756
LRQKIAAIEQQIAASEQNIAALQQIR,2.848174602,1.567772065,1.280402538
LIQEIAAIEQRIAALSQDRAALQQGR,2.976299432,1.296296115,1.680003317
LSQDIAATEQVIAAFKQERAAHEQAG,1.310342645,0.961481363,0.348861283
LLQEIAAIKQEIAALEQIRAALEQEI,3.711845622,1.846822779,1.865022844
LLQHQAAISQQIAAVKQAIAALQQII,2.439710031,1.281272668,1.158437363
LIQEIAAIEQVIAAVIQIRAALIQVI,3.5276948,1.658294905,1.869399896
LRQEIAAIEQVIAACHQERAALDQII,3.449581917,1.627901119,1.821680798
LEQQLAAIEQLIAAEEQVRAALEQEI,2.959673164,1.785141129,1.174532035
LAQKIAAIEQTLAALHQSRAALQQAL,1.31590114,0.517127492,0.798773648
TLQIIAAIMQSIAAITQKIAALSQAI,2.206980158,1.106823023,1.100157135
LIQIWAAIEQQIAAVLQIQAALKQLI,2.342157887,1.333323311,1.008834577
LIQRIAAIEQQIAALSQLAAALKQII,3.076143543,1.497269336,1.578874208
LLQIAAAIMQSIAAFLQERAALIQLI,2.347315068,1.19037942,1.156935648
LIQIIAAISQEMAALKQLRAALEQRI,2.835742529,1.521632443,1.314110086
LNQHIAAIIQRIAALEQSIAALQQAI,3.367929525,1.478783687,1.889145838
LVQHIAAIKQHIAAFRQKRAALEQEI,3.551159512,1.777718143,1.773441369
LQQTIAAIQQERAAEEQIRAALQQII,3.393744596,1.722272796,1.6714718
LQQDIAAIEQEIAALSQKRAALEQII,3.941802514,1.944554365,1.997248149
LEQLIAAISQQIAASEQNRAAVQQII,2.665653014,1.656190569,1.009462446
LQQIIAAIEQVIAAFEQNLAALLQRI,2.777597344,1.370718899,1.406878445
LNQCIAAISQVQAAEVQIRAALLQII,3.22447391,1.500398239,1.724075671
RQQKIAAIEQRIAALKQLRAALSQAI,3.173312658,1.56820195,1.605110708
LLQQIAAIKQQIAALVQIRAALSQII,3.694804562,1.709084102,1.98572046
LEQIIAAIEQVIAALQQKRAALEQSI,3.800843156,1.862592321,1.938250835
LRQHIAAISQLQAAEVQERAALEQII,3.544142585,1.845450782,1.698691803
LIQEIAAISQLQAALEQARAALRQRI,3.122257587,1.564846424,1.557411163
EEQKIAAIEQSIAAVDQARAALDQAI,2.690332312,1.416220253,1.274112059
LEQVIAAISQQIAASEQMRAALQQII,4.039824074,2.232141779,1.807682295
LKQIIAAIQQKIAALVQDRAALEQAI,3.38876083,1.433109012,1.955651818
LEQQIAAVAQEIAALAQIQAALKQLI,3.334207817,1.589558335,1.744649482
LVQIIAAIEQRIAAFTQERAALFQAI,3.528953357,1.667750182,1.861203175
LEQEIAAIQQKHAAVKQFRAALSQII,3.1867428,1.589227623,1.597515177
PSQAIAAIKQEIAALEQARAALQQAI,2.914736784,1.449617055,1.465119729
LLQQIAAIKQAIAALQQMQAALIQAS,2.257361761,1.012519964,1.244841798
FEQIIAAIHQEIAAFKQFRAALQQAL,3.158316868,1.748776845,1.409540023
LIQIIAAIEQLQAAEEQIRAALEQRI,3.605976802,1.934807964,1.671168838
VNQKIAAISQQIAALSQARAALQQEI,3.216886514,1.642762553,1.574123961
LIQEIAAIEQEIAAVLQIRAALIQII,3.598730743,1.760408221,1.838322522
LQQIIAAIIQRRAAVDQKRAALEQNI,3.322814619,1.629297891,1.693516728
LNQVIAAIAQEIAALEQIAAALEQEI,2.913271367,1.405720568,1.507550799
LRQIIAAMHQQIAAVEQIRAALEQEI,3.150815649,1.740718282,1.410097367
LKQIIAAILQCIAACHQERAALEQRI,3.174296504,1.450896468,1.723400036
LQQQIAAIKQQIAASEQNRAALQQII,3.338864122,1.626240136,1.712623986
LEQVIAAIQQKLAALVQDRAALEQAI,2.246539609,1.007860673,1.238678937
LSQIIAAIMQIIAAFLQRRAALIQII,3.296114304,1.469294333,1.826819971
TEQEIAAISQVIAAFMQMRAALQQAI,3.133230646,1.833606438,1.299624208
LIQEIAAIHQKIAAVFQDQAALQQAI,2.903629728,1.213102441,1.690527287
LEQKIAAIGQRIAALEQAIAALKQRI,3.399729791,1.609102831,1.790626961
ERQNIAAIEQQIAALSQTRAALEQII,3.090034998,1.634695228,1.455339771
LWQEIAAIKQEVAAIKQAIAAHEQII,1.323023154,0.75898301,0.564040144
LIQKIAAIGQRIAALEQARAALKQLI,3.670961288,1.689738781,1.981222507
LLQQIAAIKQLIAANEQSKAALEQEI,3.233779889,1.558323125,1.675456764
LIQQIAAISQRIAALSQIVAACEQII,1.8281898,0.810953199,1.017236601
WEQIIAAIEQRIAAFRQVRAALLQRR,3.21766724,1.825663251,1.392003989
KVQIYAAIEQRIAAFTQERAALFQAI,1.549748686,1.002474224,0.547274462
LIQHIAAIQQAIAAFTQERAALQQLI,3.46614385,1.644264955,1.821878896
LNQKIAAIMQTIAAQDQQRAALQQAI,3.161728079,1.482712855,1.679015224
LLQIIAAISQQIAACEQVRAALEQII,3.837860532,2.058790799,1.779069733
IEQMLAAISQEIAAEIQILAALEQEI,0.581860654,0.623994277,-0.042133624
LHQTIAAIRQVTAAASQIRAALEQEI,2.783808949,1.1433181,1.640490849
LTQKIAAIKQKAAAVIQDRAALKQRI,2.872627532,1.243057949,1.629569584
LRQIIAAINQQIAAKSQARAALKQII,3.491308224,1.762405743,1.728902481
LSQDIAAIEQRRAAQQQARAALKQII,3.282833296,1.600639321,1.682193975
LKQVIAAIEQVCAATQQKKAALEQSI,2.899906554,1.332136937,1.567769617
LIQIIAAIEQVLAALQQKRAAKEQSI,1.04538763,0.686696179,0.358691451
AAQIIAAISQQIAALQQKRAALEQSI,2.519432898,1.212053054,1.307379844
LEQIIAAIEQVIAAHSQARAALNQII,3.386999005,1.643596959,1.743402046
LLQQIAAIKQAIAALQQKQAALIQAI,3.216225699,1.405391639,1.81083406
LEQQIAAIKQVIAALEQKSAALPQII,2.718624351,1.115832656,1.602791695
LIQKIAAIGQKIAALEQAIAALRQRI,3.45696401,1.530189009,1.926775001
VNQKIAAIEQLQAAEEQIRAALLQRI,2.958319508,1.686050003,1.272269505
LKQEIAAISQQIAASEQMRAALQQII,3.72797838,1.984771434,1.743206946
LEQVIAAITQEIAALEQIQAALSQEM,2.786933192,1.527092026,1.259841166
LIQKIAAIGQQIAAFKQLRAALFQQI,3.407451189,1.540053228,1.867397961
LRQEIAAIEQVEAAVIQMRAALIQQI,2.89151567,1.216963594,1.674552077
LIQIIAAIKQEIAALQQAIAALQQII,3.517706501,1.663449606,1.854256895
LLQEIAAKIQKIAALEQIRAALVQEI,2.85110351,1.309211192,1.541892318
LRQKIAAIQQKIAAVDQKRAALQQNI,3.4548844,1.677377654,1.777506746
LNQHIAAIHQAIAAFEQLQAALEQKI,3.03482599,1.447192268,1.587633722
LEQMQAAILQEMAAFTQKRAALLQII,2.502934368,1.320433284,1.182501084
LEQRIAAIDQQIAALRQDRAALDQQI,3.188163171,1.175659141,2.012504031
LRQEIAAIEQQIAAVLQIRAALFQVI,3.380613196,1.575524472,1.805088724
LRQIRAAIKQEIAALKQARAALKQII,3.122381197,1.659147819,1.463233378
LQQIIAAIEQIIAASEQNRAALEQAI,3.729288167,1.943919282,1.785368885
LEQAIAAIMQQMAASEQTRAALLQIY,2.010165601,1.044689306,0.965476295
LNQKIAAIEQRIAAQQQARAALKQII,3.535776208,1.820733957,1.715042251
LRQIIAAIGQRAAASIQDRAALQQAL,2.7133205,1.316597538,1.396722962
LQQIIAASEQEIAALRQINAALEQVI,2.46445003,1.318369568,1.146080462
LIQEIAAIEQQIAAFFQRWAALEQII,3.027755756,1.436889161,1.590866595
LRQIRAAIEQQIAAILQIRAALFQVI,2.439564141,1.254118978,1.185445163
LQQIIAAIEQQIAASGQNRAALRQRD,2.52844623,1.292971438,1.235474792
LKQRIAAIEQVIAAFDQARAALEQRM,2.735549685,1.467355354,1.268194332
LIQEIAAIKQEIAALEQIQAALKQLI,3.415379075,1.637294862,1.778084214
LIQIIAAISQEIAALEQNRAALQQIL,3.066155169,1.610216541,1.455938628
LQQIKAAIMQEIAACIQKIAALEQII,2.406662926,1.414788357,0.991874569
LIQKIAAIKQVTAAASQIRAALEQEI,3.4060562,1.745214682,1.660841518
LIQEIAAIKQHMAALRQDRAALQQQI,2.415452033,1.022536931,1.392915102
LRQHIAAGSQIQAAEEQVRAALEQII,2.75901126,1.51115387,1.247857391
LIQEIAAIYQESAAMEQRRAALEQEI,3.317655529,1.641067586,1.676587943
LEQMIAAIEQAIAARSQRRAALIQQI,3.495384021,1.630224823,1.865159198
LRQEIAAIEQVIAAVMQKRAALEQII,3.718902936,1.885714315,1.833188621
LIQRIAAIRQQIAALSQIRAALVQEI,3.602089763,1.519761013,2.08232875
LEQIIAAKSQKIAALEQDRAALEQAI,2.773940242,1.32584806,1.448092182
LIQTIAAIEQEIAARSQKRAALEQII,3.668022092,1.81993724,1.848084852
LIQEIAAIEQEIAAVEQARAALQQAI,3.707329431,1.875981918,1.831347513
ERQNIAAMEQQIAALSQLRAALKQRI,2.526155463,1.490486349,1.035669114
LEQEIAAILQKIAAVFQDRAALQQAI,3.416539995,1.679703363,1.736836632
LSQRIAAIEQEIAAFTQERAALQQAI,3.646337537,1.837598929,1.808738608
LGQKIAAIEQMPAALTQRRAALKQII,2.399290034,0.997060206,1.402229828
LKQLIAAISQDIAAKDQARAALSQIQ,2.332412744,1.119071638,1.213341107
LVQIIAAIRQIIAAISQDRAALQQAI,2.954476409,1.211776852,1.742699557
LRQKIAAISQLIAALSQKRAAMEQII,2.832193051,1.539585841,1.292607209
LIQRIAAIRQQIAALSQDRAALEQAI,3.420277838,1.401148081,2.019129757
LRQHIAAISQIQAAEEQVAAALEQEI,2.910653973,1.683343643,1.22731033
LIQKIAAIMQTIAAQDQRRAALQQAI,3.254527216,1.525184806,1.72934241
LIQLLAAIEQVIAALRQVVAALMQRI,2.301982265,1.102225859,1.199756406
HRQEIAAIQQKHAAVRQFRAALRQRI,2.290977464,1.132172903,1.158804562
LKQIIAAISQQIAASEQMRAALQQII,3.829798012,2.006357699,1.823440313
LNQHIAAIKQHIAALRQDRAALQQAI,3.484101477,1.488136547,1.99596493
LVQLLAAIEQVIAASEQIRAALQQAI,3.076089394,1.633641257,1.442448137
LEQIIAAIEQVIAALQQARAALIQSI,3.804669695,1.761705196,2.042964499
LSQQIAAISQRIAALSQLRAALSQII,3.554381425,1.504628738,2.049752688
LRQIKAAVAQEIAALEQIQAALKQLI,2.779689432,1.579071276,1.200618157
LKQIIAAISQQIAASEQNRAALQQVI,3.691094244,1.878091229,1.813003016
LIQHIAAIEQQKAASSQNRAALQQRI,3.352324246,1.708369901,1.643954345
ETQIIAAIEQQIAASLQIRAALEQEL,2.756060077,1.625212843,1.130847234
LEQIIAAIKQEIAALEQSRAALRQAI,3.791599494,1.868296087,1.923303407
LRQRIAAIDQMIAALAQIQAALKQLI,3.363703206,1.576989697,1.78671351
LEQEIAAIKQEIAALKQARAALKQII,3.571808343,1.679489329,1.892319014
LSQRIAAIEQKIAALSQLRAALKQDI,3.822016267,1.831446856,1.990569411
LKQIIAAISQQIAASEQNRAALQQII,3.720885611,1.922655383,1.798230228
LSQIIAAIEQEIAAISQKVAALEQII,3.194542176,1.771944321,1.422597855
HEQENAALEQEIAALSQKRAALEQII,-0.132154093,0.328229183,-0.460383277
LRQKIAAIEQLIAAVVQLRAALQQAI,3.733711411,1.931898153,1.801813259
LIQHIAAFQQQIAASEQIRAALQQII,2.732475418,1.430774217,1.301701202
LIQKIAAIGQEIAALEQAIAALRQLI,3.576188171,1.641009809,1.935178362
TNQRIAAIEQQLAAVSQLRAALKQII,2.017624596,1.293908078,0.723716518
MEQEIAAIEQRIAACEQDRAALRQRI,2.932711096,1.688481608,1.244229488
LNQKIAAIMQTIAAQDQQRAAVQQAI,2.02515566,1.072530278,0.952625382
LEQIIAAIGQEIAALKQARAALKQAI,3.642168348,1.685136729,1.957031619
MQQEIAAIMQTIAAQDQQRAALQQAI,2.333824503,1.186094254,1.147730249
LLQLIAAIEQEIAALEQSRAALQQAV,1.863859359,0.978304076,0.885555283
LIQEIAAIDQVIAAVQQSRAALQQAI,3.359208422,1.535595213,1.823613209
LEQENAAIEQEIAAISQKRAALEQII,1.875102098,1.339774644,0.535327454
LNQKIAAINQKAAAFRQVIAALLQRI,3.278548754,1.444766927,1.833781828
EGQIIAAIEQEIAAFKQIIAALEQAR,2.884075142,1.54789787,1.336177272
LQQTIAAIQQEIAAFRQKKAALEQEI,3.499525379,1.721551303,1.777974077
LIQHIAAIEQQKAASYQNRAALQQRI,3.044925309,1.409374325,1.635550984
EAQIIAAIQQEIAALEQAIAALRQRI,2.881787546,1.554409083,1.327378464
LIQDIAAIGQQIAAFKQLRAALQQMI,3.427075582,1.588564604,1.838510978
LIQLIAAIEQVIAACHQVRAALDQII,3.244996194,1.427989705,1.817006489
LIQEIAAIEQAIAALEQELAALKQII,2.844985542,1.256903663,1.588081879
LLQSQAAIEQVIAALQQSVAALKQII,2.242297204,1.055450106,1.186847098
LKQLIAAIQQEQAAVVQRIAALEQAI,3.0846146,1.477106419,1.607508181
LIQRIAAIEQSIAALEQLRAALGQQI,3.352820428,1.364407441,1.988412987
LKQKIAAIKQDTAAATQIRAALKQEI,3.047933568,1.481993901,1.565939667
LLQIIAAIMQSIAALSQIRAALSQRI,3.473741243,1.420905916,2.052835327
LNQHIAAIEQRIAALKQIRAALIQAI,3.527902944,1.495264575,2.032638369
LQQIIAAIEQQIAAVLQLRAALEQRI,3.705164284,1.968554446,1.736609838
IAQIIAAIEQEIAALRQIKAALEQSI,2.860924778,1.358372911,1.502551868
LRQKIAAIEQLIAAEEQRRAALRQEI,3.563478791,1.819074353,1.744404438
LNQKIAAIMQTIAAQDQQRAALQQAI,3.161728079,1.482712855,1.679015224
LIQHIAAIQQQIAASEQIRAALQQAI,3.799736469,1.967975313,1.831761156
LIQAIAAILQEIAALSQKRAALEQII,3.622988934,1.643020138,1.979968796
LQQTIAAISQNQAAEEQIRAALLQRI,3.261562701,1.566426167,1.695136535
LIQKIAAIGQRIAAEEQARAALEQAI,3.577885238,1.826925408,1.75095983
LIQILAAKSQKIAALVQAIAALRQLI,1.421494046,0.638779498,0.782714549
LLQLIAAISQDIAAKDQARAALKQIQ,2.379783467,1.113207176,1.266576292
LKQQIAAISQRIAANEQSKAALEQLI,3.328108781,1.690816427,1.637292354
TLQQIAAIKQVIAALEQKIAALLQII,2.830237464,1.496108341,1.334129124
LEQQIAAIKQVIAATEQKIAALLQII,3.01127163,1.563099586,1.448172044
LKQEIAAIEQVIAALRQQRAALEQEN,2.12120831,1.159781488,0.961426822
TKQIMAAISQHIAALQQKRAALEQSI,1.678936039,0.919167091,0.759768949
LIQEIAAIEQRIAALSQDRAALQQGI,3.581205712,1.525863822,2.05534189
LNQHIAAIKQAIAAEEQIRAALLQII,3.249266416,1.493138718,1.756127698
LIQIIAAISQEIAAFRQVIAALLQRI,3.473951359,1.743472356,1.730479003
IIQQIAAIAQRQAAVFQIRAALMQVI,2.490017718,1.20525803,1.284759688
EKQMIAAIEQVKAAFLQERAALEQEI,2.575668815,1.397851167,1.177817648
LQQLIAAIEQEIAALEQALAALRQRI,2.784907753,1.233685277,1.551222476
LIQRIAAIRQYVAAASQICAALEQEI,2.113991687,0.837667657,1.276324031
LRQIIAAIDQQSAAFDQERAALKQPI,3.688173861,1.875838488,1.812335373
LKQIIAAISQQIAASEQSRAALQQAI,3.77134504,1.954274154,1.817070886
LVQLIAAIEQVIAASEQIRAALQQAI,3.608389256,1.736645228,1.871744028
RIQRIAAIEQQIAALSQLRAALEQRA,3.281735032,1.798566895,1.483168138
LIQHIAAMRQQIAALSQDRAALYQAI,2.34726049,0.722406199,1.624854291
LNQKIAAIQQRIAAVVQRRAALEQAI,3.43551183,1.643046334,1.792465497
LEQIIAAILQLQAAFLQARAALKQII,3.422646301,1.70201154,1.72063476
LIQIIAATRQEQAALEQAIAALLQAI,2.139786505,1.075678056,1.064108449
MEQIIAAIMQSIAAFLQRRAAHIQRI,1.2754065,0.810331032,0.465075469
LNQKIAAIEQRIAAVQQANAALKQGI,2.776905198,1.396557841,1.380347357
TKQIIAAISQHIAALRQQRAALEQEN,2.607117934,1.189620343,1.417497591
LNQLIAAISQLQAAEEQIRAALLQRI,3.466016107,1.769719701,1.696296406
LEQIIAAIHQRIAAVSQIAAALLQII,2.788048955,1.418084281,1.369964674
LIQEIAAIEQEIAAKDQAVAALQQAI,2.880959893,1.4509361,1.430023794
LSQDIAAIEQRIAAQQQMRAALKQII,3.442439759,1.711546508,1.730893251
LRQKIAALEQMIAALTQRRAALKQII,2.214723139,0.953827798,1.260895341
LKQIIAAISQQIAASEQNRAALQQII,3.720885611,1.922655383,1.798230228
LIQEIAAIEQEIAAVDQDRAALEQRI,3.469952454,1.68105269,1.788899764
RQQKIAAIQQRIAALKQLRAALQQAI,3.167369635,1.595306761,1.572062874
LNQKIAAIQQKIAAVKQINAALRQRI,2.657688197,1.29031781,1.367370388
LLQQIAAIKQAIAAQRQVIAALLQRI,3.30219209,1.711936383,1.590255707
IEQIIAAIKQEIAALVQNRAALQQII,3.103619211,1.636421124,1.467198087
LKQIKAAISQQIAASEQKRAALQQAI,2.749557804,1.648127812,1.101429992
FLQMIAAIEQKIAALEQKRAALQQNR,2.740524346,1.313032681,1.427491665
LIQEIAAIEQRIAAVDQSIAALQQQI,3.140906927,1.404841213,1.736065715
VEQKIAAQEQQIAALQQRRAALEQII,2.569261912,1.486177354,1.083084559
LRQLIAAIEQLIAAEEQVRAALEQEI,3.634462871,1.956894353,1.677568518
LRQIMAAIEQMIAAFRQVRAALQQRI,2.800148193,1.574016963,1.22613123
LIQHIAAISQLQAAEEQGRAALQQAI,3.364271766,1.656314719,1.707957047
LIQHIAAIQQTIAASEQARAALEQII,3.675562675,1.868445992,1.807116683
RFQKIAAISQQIAACIQKIAALEQII,2.844218014,1.525066341,1.319151673
LLQSIAAIEQLAAAVKQARAALKQLI,3.102801129,1.473324528,1.629476601
RIQRIAAIEQQIAALEQLRAALEQRA,3.146096975,1.72192615,1.424170825
LIQIIAAITQQIAALSQSIAALQQAR,2.647939602,1.101300831,1.546638771
LEQRIAAIMQKMAACEQARAALLQEI,3.267647715,1.641423855,1.62622386
LEQLIAAIQQAIAALLQARAALEQEI,3.398173858,1.503985086,1.894188772
LLQLIAAIEQVIAAFTQMRAALQQWK,2.490921135,1.213415376,1.277505758
LEQVIAAEAQEIAAVLQIRAALEQAV,1.072959918,0.709910157,0.363049762
LIQRIAAIRQQIAALSQDRAALEQAI,3.420277838,1.401148081,2.019129757
LIQEIAAIEQVIAALQQKRAALEQQI,3.727283897,1.790833341,1.936450556
LLQHQAAISQQNAAVEQIRAALEQEI,2.520690504,1.451879647,1.068810858
LLQSIAAIEQVKAAFLQERAALEQEI,3.357161691,1.689172161,1.66798953
ERQMIAAIEQAIAALEQELAALKQII,2.360289926,1.296342656,1.06394727
LIQEIAAIEQRIAALDQKRAALQQAI,3.772544879,1.678350481,2.094194398
LIQEIAATSQQIAASEQQRAALLQQI,2.841938658,1.40522168,1.436716979
LQQRIAAIEQVIAACRQKIAALEQII,3.596933143,1.945824719,1.651108425
IIQIIAAIMQEIAAFEQNRAALVQLI,2.819268216,1.521151615,1.298116601
LEQVIAAIQQKIAALVQDRAAKEQAI,2.07433158,1.02425612,1.05007546
IEQEIAAIEQEIAACHQERAALEQII,2.78524342,1.59979467,1.18544875
LIQTIAAIEQEIAALSQRRAALEQAI,3.778972137,1.784457346,1.994514792
LRQHIAAISQAEAAEEQVRAALEQAH,2.854013529,1.667204427,1.186809102
FLQMIAAIEQKIAALEQSRAALQQLI,2.944259095,1.428519581,1.515739514
LIQHIAAIQQAIAAFTQEIAALQQQI,3.079413818,1.369162136,1.710251682
LQQIIAAIEQIIAASGQNRAALRQRI,3.35987439,1.543316964,1.816557426
VRQKIAAISQIIAALSQKRAAMEQII,2.312098024,1.42284813,0.889249895
ILQQIAATKQRIAAAEQIRAALIQAI,1.624738759,0.885793004,0.738945755
LEQIIAAIKQEIAAVEQSRAALRQAM,2.864614313,1.659335657,1.205278656
LIQKIAAIGQRIAAEIQIRAALQQQI,3.32974998,1.588662693,1.741087287
LIQKIAAIGQQIAAFQQLRAALQQRI,3.773836967,1.894305736,1.879531232
LIQHIAAIEQQKAASSQNRAALQQAI,3.3650631,1.708369901,1.656693199
LMQEIAAIEQKIAAVIQIRAALIQRI,3.381885473,1.574145908,1.807739565
LIQEIAATYQEIAAMEQRRAALEQII,2.713166901,1.290061805,1.423105097
LNQKIAAINQKAAATRQVRAALRQRI,3.162689611,1.360878967,1.801810644
LEQKIAAIEQRIAALKQLRAALEQRI,3.67440402,1.78732407,1.88707995
LEQIIAAIVQVIAAEQQARAALIQSI,3.170249234,1.443964243,1.726284991
LEQIIAAISQIIAASEQSRAALQQAI,3.938907141,2.145997635,1.792909506
LKQIIAAVEQVIAALQQARAALIQSI,3.327252647,1.41227374,1.914978908
LFQHIAAIKQHIAAEEQDQAALQQVI,2.713652671,1.136007471,1.5776452
IIQQIAAIAQRQAAVEQILAALMQVI,1.885384589,0.990333608,0.895050981
LIQKIAAIGQQGAALRQIKAALEQSC,1.623453611,0.742272388,0.881181223
IAQIIAAIEQEIAAFKQLRAALQQQI,2.572637849,1.302043354,1.270594495
LEQIIAAIEQQQAAEKQIIAAEKQII,1.844453158,1.094842034,0.749611125
VEQKIAAIEQQIAALVQRRAALEQII,3.395535323,1.835291045,1.560244278
LEQEIAAIHQKIAAVFQDRAALQQAI,3.339200928,1.582043992,1.757156936
LEQLIAAIEQVIAAFDQMRAALQQAK,2.869500963,1.639436181,1.230064783
IEQEIAAIEQEIAACHQLRAALEQII,2.790453287,1.621811259,1.168642028
FEQIIAAIHQEIAAFKQFRAAMQQAI,2.173833625,1.48602899,0.687804635
EGQIIAAIEQEIAAFKQIIAALEQAR,2.884075142,1.54789787,1.336177272
LEQVIAAIQQKIAALVQDRAALEQAI,3.51881391,1.57892011,1.9398938
LIQEIAAIEQRIAALSQDRAALQQGI,3.581205712,1.525863822,2.05534189
SAQKIAAIQQRIAAFLQARAALKQSI,2.658170291,1.277086378,1.381083912
FLQMIAAIEQKIAALEQSIAALQQAI,2.724667702,1.305782614,1.418885088
GIQIIAAIEQQIAAVLQKIAALQQQI,2.484625159,1.336759851,1.147865308
LNQAIAAIEQASAAFVQARAALEQSI,3.309247816,1.527763024,1.781484792
LIQEIAAIEQVIAATQQKIAALEQHI,3.223784737,1.661796248,1.561988489
LNQKIAAINQKAAAFRQVRAAFRQRI,2.041248552,1.007814876,1.033433676
LIQHIAAAQQQIAALSQIRAALEQEI,2.453561104,1.145177629,1.308383476
LIQIIAAIQQRIAAFRQKRAALAQII,3.383213545,1.558869774,1.824343771
LEQIIAAIEQQIAALSQLIAALDQII,3.720656004,1.827557924,1.89309808
LEQMIAAIMQQIAACEQQRAALEQIA,2.410124784,1.334065426,1.076059358
LEQAQAAIMQQMAASEQTRAALKQII,2.243536791,1.110121673,1.133415118
LQQIIAAIEQEQAAVVQRRAALEQAI,3.821266293,2.045895592,1.775370702
LIQRIAAIGQLIAAKTQERAALEQII,3.221122656,1.535326517,1.685796139
LIQEIAAIEQEEAAVDQARAALQQKI,3.055290294,1.477450812,1.577839482
LQQTIAAIEQEIAALSQKRAANEQII,2.413368178,1.28790075,1.125467428
FIQHIAAIQQQIAALSQDRAALYQAI,2.642002653,1.057546997,1.584455657
LIQIIAALMQEIAACIQKIAALEQII,2.458954433,1.053858737,1.405095696
LRQKIAAIEQVIAALQQLRAALEQEI,4.219823215,2.214736458,2.005086757
