aa_seq,Weight_score,affinity_score,cc_score,specificity_score,total_score,num_int_PCC,num_int_APCC
LNQHIAAIKQEGAAFRQVRAALEQLI,0.4329863545511919,1.097227846,2.9174236136535754,-0.7712752045,3.243376255153575,30,30
LIQEIAAIKQEIAALEQIQAAKKQKI,0.5193469265083831,0.24594309800000003,2.4986403515251494,-0.8826666855,1.8619167640251495,30,30
LLQLIAAIDQEIAACFQERAALEQII,0.43135577398109526,1.068297104,2.9346994519432865,-0.7543824785000002,3.2486140774432863,30,30
VIQEIAAVEQQIAALRQDRAALQQQI,0.4147505136405923,0.912215628,2.636185960921777,-0.8025956200000001,2.7458059689217773,30,30
EEQVSAAIQQKIAALVQDRAALEQAI,0.4742931946013531,0.44793545600000007,2.1244207708040594,-0.7538505995000001,1.8185056273040594,30,30
LIQIIAAISQEAAAMEQTRAALKQLI,0.4699243005080688,1.167113622,3.0450134295242064,-0.8146387765,3.397488275024206,30,30
LKQIIAAISQQIAASEQVRAALQQII,0.520435445776439,1.2528270830000001,3.2651699623293173,-0.7101997805,3.8077972648293175,30,30
LLQQIAAIKQVIAALEQKIAALLQII,0.5562545236758698,1.0820867440000002,3.6016614320276092,-1.2102332265,3.47351494952761,30,30
LRQKTAAIGQLIAAVVQQRAAIEQII,0.4316914264911312,0.456475313,1.9107604074733935,-0.4644707925,1.9027649279733934,30,30
LIQEIAAIYQEIAAMEQRVAALQQAI,0.42568569787237176,1.033296103,2.8741233476171155,-1.0055046170000002,2.9019148336171154,30,30
LIQRIAAIEQMIAALSQIRAALSQRI,0.5145046608630721,1.2734485880000002,3.526002219589217,-0.9590063830000001,3.840444424589217,30,30
LKQKIAAIKQVTAAASQLRAALKQLI,0.4900995384321639,1.038963748,3.103194107296492,-0.885129896,3.2570279592964924,30,30
LSQKIAAIKQVIAALLQERAALIQIC,0.41280668384499164,0.801323718,2.673711261534975,-1.000921118,2.474113861534975,30,30
LLQIIAAIMQSIAAFEQARAALKQII,0.4570447778557283,1.0667161900000002,3.105465361567185,-0.7156250635000001,3.456556488067185,30,30
LIQNIAAIEQEIAALRQIHAALKQII,0.4620088756240813,1.073573872,3.208898059872244,-1.0264443475,3.2560275843722444,30,30
LNQVIAAIQQRIAAFRQKRAALEQEQ,0.42774776105501117,0.816414814,2.5927617441650335,-0.7274880215,2.6816885366650336,30,30
IQQKIAAIKQAIAAFTQERAALQQAI,0.4309159033087854,0.803323478,2.439702146926356,-0.5794708500000001,2.6635547749263564,30,30
LGQRIAAIEQEIAAVKQIAAALEQII,0.48139348623515826,0.705789395,2.7596380637054745,-0.837051345,2.6283761137054746,30,30
LIQHIAAIQQQIAALSQDRAALYQAI,0.3936740949820901,1.127972934,3.1635105219462707,-1.0282263790000001,3.26325707694627,30,30
LKQIIAAISQQIAASEQNRAALQQII,0.504114540431484,1.2528270830000001,3.216207246294452,-0.7481487185000001,3.720885610794452,30,30
LEQKIAAVAQEIAALEQIQAALKQLI,0.6184878360410812,0.859785066,3.7501279731232438,-1.1681031530000001,3.441809886123244,30,30
LLQKIAAIKQAIAALQQMQAALIQAI,0.5083480995898059,0.977279126,3.3818561617694174,-1.063056736,3.2960785517694173,30,30
FKQIIAAISQQIAAAKQLRAALEQRI,0.4772922779580963,0.740193619,2.4713913868742887,-0.5279703450000001,2.683614660874289,30,30
LEQFIAAIEQRIAALEQNRAALAQII,0.46889837282300034,1.0878476360000002,3.389183355469002,-1.1138195835,3.3632114079690023,30,30
LEQQIAAIKQVKAALEQKRAALEQKI,0.5472986858084578,0.69350465,2.997554457425373,-1.2223019744999999,2.468757132925373,30,30
LEQIIAAIEQVIAALQQKIAALLQII,0.5791745663669758,1.279236054,3.6704215601009276,-1.1586826959999998,3.790974918100928,30,30
LIQRIAAIKQQIAALSQLRAALKQLI,0.5782759860770436,1.0934590000000002,3.717316195231131,-1.1080384125,3.7027367827311313,30,30
EEQQIAAILQRQAAVVQIRAALMQVR,0.38551787740178717,0.9144326660000001,2.3865744492053618,-0.390682362,2.9103247532053618,30,30
EIQEIAAIEQTIAALRQIKAALRQEI,0.4768664726535097,0.9693869560000001,2.9504605839605293,-0.7803030015000001,3.1395445384605294,30,30
LEQVIAAIQQKIAALVQDIAALEQII,0.501262511272447,1.0943345660000001,3.4366853948173413,-1.2061132074999998,3.3249067533173413,30,30
LIQEIAAIKQHIAALRQDRAALQQQI,0.40595934062049827,1.251360956,3.2003662588614956,-1.038056377,3.4136708378614955,30,30
LEQKIAAIEQRIAALKQLRAALEQRI,0.6142442573427929,1.010804174,3.825221009028379,-1.161621163,3.6744040200283794,30,30
VVQLIAAIEQVIAASEQIRAALQQAD,0.41336249180347584,0.830017919,2.4084879294104278,-0.34604661200000003,2.892459236410428,30,30
LIQRIAALEQQIAALSQQRAALKQAI,0.5440462584357186,0.5087351980000001,2.966101822307156,-1.376407257,2.0984297633071556,30,30
LIQEIAAIEQVIAATQQKRAALEQSI,0.4664975240995825,1.195705008,2.975512476298748,-0.8019510850000001,3.369266399298748,30,30
LRQHIAAISQIQAAEEQLRAALEQEI,0.5108632666958938,1.341101393,3.1142072790876814,-0.7323556890000001,3.722952983087681,30,30
LSQIIAAIVQSIAALSQKLAALEQII,0.39122687040226306,1.0396777840000002,2.8396674362067893,-1.2609094375,2.6184357827067894,30,30
LIQEIAAIEQAIAALRQIKAALEQQI,0.47773333723633776,1.314623186,3.5233703447090132,-1.107726131,3.730267399709014,30,30
LEQRIAAIDQQIAALRQVRAALDQQI,0.4415584529383926,1.0498616900000002,3.307163595815178,-1.0173564255,3.339668860315178,30,30
LRQIMAAIEQRIAAFRQVRAALQQRI,0.5052819420920739,0.9242494880000001,2.6144451192762217,-0.66081559,2.877879017276222,30,30
LIQHLAAIQQQIAALSQTRAALEQEA,0.4599963898117323,0.811239614,2.473924545435197,-1.2704168815,2.0147472779351965,30,30
RIQRIAAIEQQIAALEQLRAALEQRA,0.5456092673168091,0.879990196,3.0824305799504277,-0.816323801,3.146096974950428,30,30
LIQTIAAIAQLRAACIQKIAALEQII,0.3851280184820644,0.997801966,2.671410439446193,-0.763693889,2.905518516446193,30,30
LLQLIAAIDQQIAALRQDRAALQQQI,0.3846289402135089,1.0251436740000002,3.136375057640527,-1.043254609,3.118264122640527,30,30
QIQEIAAIEQEIAAVDQARAALQQAI,0.506236716848139,0.7808435029999999,2.643631164544417,-0.47800253550000005,2.9464721320444167,30,30
LIQEIAASEQAAAAVQQIIAALMQLL,0.46012035634938625,0.79032155,2.296143705048159,-0.9668238625,2.119641392548159,30,30
LIQQIAAISQRIAALSQLRAALEQII,0.5379665880713211,1.1209734040000003,3.596388001213964,-1.0316052915,3.685756113713964,30,30
LNQHIAAEKQEGAAFRQLSAALAQII,0.2417124805803847,0.7144919080000001,1.764081553741154,-0.7641322385000001,1.7144412232411539,30,30
LLQQIAAIKQEIAACHQERAALQQLI,0.5345029736432753,1.011501052,3.2441410509298265,-0.7716427865000002,3.483999316429826,30,30
QKQLIAAIQQEIAALEQKRAALKQAI,0.5123131354855703,0.981171996,2.9422041704567112,-0.9132232135000001,3.010152952956711,30,30
LDQHIAAISQLWAAEEQARAALEQLI,0.4382989736265413,1.136942162,2.880469466879624,-0.697390009,3.3200216198796237,30,30
LEQKIAAILQAIAAFTQLRAALEQEI,0.5323374963841356,1.089326522,3.331343517152407,-0.9090571155,3.511612923652407,30,30
MIQTIAAIDQEIAALHQKRAALDQII,0.3474943835361139,0.8350356080000001,2.4674627886083416,-0.7164152005000001,2.5860831961083415,30,30
LRQKIAAIIQLIAAVEQKRAALQQEQ,0.47210748114961737,0.881127203,2.693654363448852,-0.7446146825000001,2.830166883948852,30,30
LRQKIAAIGQLIAAVLQKIAALQQAS,0.41776617993945486,0.7514644109999999,2.3010723978183645,-0.812396809,2.240139999818364,30,30
LIQIRAAIEQQIAAVVQKVAALQQKI,0.45470339319135394,0.8269933309999999,2.551836482574062,-1.1223605294999999,2.256469284074062,30,30
LEQRIAAIKQQIAALRQDRAALEQQI,0.4741234002538856,1.2638125580000001,3.404858437761657,-1.195461401,3.4732095947616566,30,30
LRQKIAAIEQMIAALTQRRAALKQII,0.5214366704896258,1.29568389,3.5467982484688783,-1.0048851945000001,3.8375969439688786,30,30
LRQKIAAIEQLIAAEEQERAALRQER,0.5384051791681896,0.789487002,2.841668896504569,-0.6774843935000001,2.9536715050045688,30,30
LGQAIAAIMQQMAASEQTRAALKQII,0.33795519987081274,0.9778679340000002,2.5986830496124385,-0.7196897355,2.8568612481124385,30,30
LLQEIAAIKQELAALKQAIAALEQFI,0.5065001421136583,0.6911893940000001,2.805367240340975,-1.4271383005,2.069418333840975,30,30
LIQEIAAIEQVAAAVQQAIAALQQII,0.47814132174041724,1.1734113640000001,2.9910390482212517,-0.796216865,3.3682335472212515,30,30
HRQLIAAIEQQVAAFTQEIAALQQNI,0.3852507565317413,0.779242586,2.1400855825952236,-0.7771826825000001,2.142145486095224,30,30
LKQLIAAIEQVIAAFRQVVAACMQRI,0.31563998949388555,0.627490076,1.7002309444816568,-0.67238074,1.6553402804816568,30,30
LFQIIAAISQQIAALSQARAAVQQEI,0.5164745738074815,0.562112068,2.7527154114224444,-0.8107647745000001,2.504062704922444,30,30
LKQIIAAIEQEIAAVLQKIAALQQAI,0.5023825169275908,1.076032517,3.1597016617827727,-0.8914798375,3.3442543412827725,30,30
KQQKIAAISQLQAAEEQARAALEQLI,0.47568156599862077,1.092179085,2.4724878619958623,-0.5252271685000001,3.039439778495862,30,30
LIQHIAAIQQRIAALKQLRAALEQRI,0.5311651082465174,1.111988562,3.5759835617395526,-1.1062902860000001,3.581681837739552,30,30
LGQRIAAIEQEIAALSQELAALEQAE,0.45436553788645917,0.8234697420000001,2.563838069659378,-1.2657864375,2.1215213741593777,30,30
LEQKIAAIHQAIAAFEQEQAALIQDI,0.4886529193799507,1.0544877480000001,3.0746134121398523,-0.8381486065,3.290952553639852,30,30
LQQIIAAIRQLIAALTQIRAALEQEI,0.48583809871937855,1.2322796020000002,3.440002533158136,-1.1294256040000001,3.542856531158136,30,30
LIQEIAAIEQEIAACHQKRAALEQII,0.5183857284042669,1.07147171,3.195789315212801,-0.7558734470000001,3.5113875782128012,30,30
LEQVIAAIQQKIAALVQDIAALEQII,0.501262511272447,1.0943345660000001,3.4366853948173413,-1.2061132074999998,3.3249067533173413,30,30
LLQQIAAIRQAIAALQQMQAALIQAI,0.42882883074238565,0.97421588,3.1432983552271567,-1.0238549445,3.0936592907271567,30,30
LQQIIAAQEQIIAASGQNRAALRQRI,0.39666044585541205,0.6880546230000001,2.4945728385662367,-0.7218149900000002,2.4608124715662365,30,30
LIQKIAAIEQEIAAMHQKRAALEQIE,0.43996057091073804,0.859927935,2.4956224407322143,-0.643897143,2.711653232732214,30,30
LNQHIAAIKQAIAAEEQIRAALLQII,0.49640369581288063,0.854958096,3.0930600974386424,-0.6987517775000001,3.249266415938642,30,30
LGQKIAAINQKAAAEIQIRAAHEQEI,0.3777430658045777,0.4961797210000001,1.9270515854137331,-0.520694372,1.902536934413733,30,30
MLQQIAAIKQAIAATEQLQAALEQII,0.43819228272627925,0.602278214,2.207411779178838,-0.49809542649999994,2.311594566678838,30,30
LQQELAAIGQEIAALKQAAAALKQAI,0.5485118122986073,0.79168671,2.9731261508958218,-1.4183836344999998,2.3464292263958217,30,30
LNQVIAAISQCIAAIIQIRAALIQAI,0.3931720586722222,1.059335398,2.7491743980166667,-0.7744026700000001,3.0341071260166665,30,30
LIQIIAAIIQEIAALEQIQAALEQEI,0.5872977498798317,1.069711284,3.6187051126394953,-1.0969777760000001,3.5914386206394955,30,30
LIQILAAIEQQIAASHQQRAALQQGI,0.46124509049436985,0.985483973,2.7707656894831096,-0.986741735,2.76950792748311,30,30
LLQSIAAIEQLTAAVLQARAALDQLI,0.41025159762868435,1.033765584,2.7819844168860532,-0.734869285,3.080880715886053,30,30
LIQEIAAIDQIAAASEQNRAALRQIR,0.3737904609508505,0.8489415180000001,2.5099055818525517,-0.623104711,2.735742388852552,30,30
EIQEIAAIEQRIAAVDQKRAALVQRI,0.47139648498874354,0.7851039150000001,2.546024774966231,-0.40051001050000007,2.930618679466231,30,30
LNQEIAAIEQEIAALRQINAALEQQI,0.501327771718278,0.9727487620000002,3.292047026154834,-1.4034706175,2.861325170654834,30,30
LNQKIAAIEQRIAAQQQARAALKQII,0.4942040244685668,1.176320115,3.0712816784057004,-0.7118255855000002,3.5357762079057005,30,30
LRQEIAAIKQEIAALGQDRAAHQQAI,0.46559705153945363,0.45250819400000003,2.457845120618361,-0.8175064315000001,2.092846883118361,30,30
LQQIIAAMHQQIAAVEQIRAALEQEI,0.5318476968015526,0.867679533,2.9124322714046578,-0.7628264155000001,3.0172853889046576,30,30
VEQEIAAIEQRKAAQDQCRAALQQAI,0.41727123882093164,0.9191865830000001,2.366071932462795,-0.414344954,2.8709135614627947,30,30
LIQKIAAIMQVIAALQQKRAALEQSI,0.4878252400080318,1.0913728320000002,3.445963957024096,-1.0812661645000001,3.4560706245240955,30,30
LLQIIAAISQCNAAKDQARAALQQLI,0.3928553246158418,0.8601089830000002,2.663766252847526,-0.8528856455000001,2.6709895903475256,30,30
LIQTIAAIEQEIAALSQKRAALEQIL,0.5050222589535724,1.126976266,3.080734360860718,-1.201138847,3.0065717798607174,30,30
FAQIIAAISQQIAAHSQARAALNQII,0.3179325902427236,0.875304321,2.0907307907281707,-0.46407706000000015,2.5019580517281703,30,30
LEQIIAAIEQEIAAIAQFRAALQQAI,0.5220465651047832,1.1523949,3.13579791731435,-0.7668308265000001,3.52136199081435,30,30
IAQIIAAIEQVIAATQQKRAALEQSI,0.3668217816376407,0.888468606,2.089108657912922,-0.5866417145000001,2.3909355494129216,30,30
LIQEIAAIEQEEAALRQIKAALEQRI,0.4962178114443883,1.0181865440000002,3.0311729283331648,-1.005941901,3.0434175713331655,30,30
LQQIIAAIEQQRAAVLQIRAALIQII,0.44305669727857117,0.977946371,2.9245585728357133,-0.7066984845,3.195806459335713,30,30
LIQIIAAISQQQAALSQARAALDQEI,0.4974025249059236,0.843520585,2.9992060057177707,-0.8790672465,2.9636593442177706,30,30
LIQRIAAISQLIAALSQKRAAMEQII,0.4993515514470277,0.626378646,2.6836752423410832,-0.7063190665000001,2.6037348218410834,30,30
LRQKIAAIEQQIAAISQLRAALKQEI,0.5697295389251674,1.34725977,3.2788468387755025,-0.8590446105,3.767061998275503,30,30
LNQKIAAIEQQIAALLQIRAALFQVI,0.4758023796605034,1.11092078,3.409895375981511,-1.0588719535,3.4619442024815115,30,30
LQQAIAAIQQKIAAFRQVIAALLQRI,0.4530077905421048,1.065311962,3.0437640236263146,-0.8994520935,3.2096238921263147,30,30
LRQKIAAIKQEIAALKQARAALVQLI,0.6004506909895191,1.139496426,3.783840309968558,-1.094559306,3.828777429968558,30,30
LLQEIAAEEQMEAALTQRRAALKQII,0.3913559401481685,0.4319428980000001,2.249083104444505,-0.9470198985,1.7340061039445052,30,30
LSQIIAAIEQSIAALSQKRAALEQII,0.47521871887419886,1.4620680360000002,3.4081443936225972,-1.025235864,3.8449765656225976,30,30
LEQLIAAIEQQIAAFRQVEAALIQII,0.43394781193029125,1.281888882,3.0210914557908737,-0.8574167500000001,3.445563587790874,30,30
LIQEIAAIEQEIAALRQIRAALRQEL,0.5727521328981344,1.028829822,3.2839239826944038,-1.1455725985,3.167181206194404,30,30
LRQHQAAISQQIAAVEQIKAALEQQI,0.43610059614196195,1.1803627509999999,2.628770120425886,-0.811956404,2.997176467425886,30,30
LNQHIAAIQQQVAALSQIRAALEQEI,0.4929322636040298,0.52796562,2.3850604778120896,-1.3002590885,1.6127670093120894,30,30
LIQKIAAINQKAAAFRQVMAALRQRI,0.3965804557223232,0.932248435,2.9071907181669694,-0.7336648005,3.105774352666969,30,30
LIQTIAAIEQEIAARSQKRAAVEQII,0.41955605611822666,0.773388102,2.24197023135468,-0.4518573785,2.5635009548546797,30,30
RIQRIAAIQQKIAAVSQDRAALQQAI,0.3783149291615345,0.902338161,2.431916131484604,-0.475838552,2.858415740484604,30,30
LVQIIAAIEQRIAACHQARAALQQAI,0.48042199316866474,1.03803313,3.0818981095059943,-0.7044462620000002,3.4154849775059946,30,30
TQQKIAAIMQEIAAFTQERAALFQAI,0.4020512822296549,0.843993942,2.358994545688965,-0.5413678030000001,2.661620684688965,30,30
LIQHIAAIQQTIAACVQIEAALEQEA,0.4332763200882181,0.7812636239999999,2.353658428264654,-0.8099246135000001,2.324997438764654,30,30
LFQMIAAIEQAIAALIQKIAALEQII,0.46889586681054024,1.113870296,3.3395854614316205,-1.0935314274999999,3.3599243299316206,30,30
LIQQIAAISQVIAAFTQMRAALQQAK,0.43840913540950227,0.8130958960000001,2.4754327712285065,-0.6738621490000001,2.6146665182285065,30,30
LEQLIAAIEQRIAALSQLRAALEQII,0.5503329527353653,1.282997696,3.6334870952060965,-1.0783989965,3.838085794706097,30,30
LIQHIAAISQLQAAEEQARAALEQII,0.4762059279197169,1.1975642370000001,3.010235262759151,-0.6631660590000001,3.544633440759151,30,30
LLQQIAAIKQQIAALVQIRAALSQII,0.5655452127323124,1.07866134,3.6791238751969377,-1.062980653,3.6948045621969374,30,30
LEQLLAAIKQEIAASQQTRAALKQII,0.484740695937902,0.9036125990000001,2.8412525058137064,-1.029456248,2.7154088568137063,30,30
LLQALAAIKQEIAALKQARAAMKQLE,0.5076618392257122,0.5127583680000001,2.5231574186771364,-1.021409623,2.0145061636771366,30,30
LLQSIAALEQLAAAVKQARAALKQLI,0.49097694867006214,0.17653798000000004,2.4306111150101866,-1.1272217705,1.4799273245101865,30,30
VRQKIAAIEQLIAAVVQLRAALEQII,0.538836479929894,1.072084195,2.855364197789682,-0.5197397945000001,3.407708598289682,30,30
LIQEVAAIQQMIAALEQSMAAEQQNI,0.4158495612219797,0.534167472,2.3061778326659392,-0.951935429,1.888409875665939,30,30
LIQEIAAINQRRAALDQKRAALQQAI,0.47938165157972246,0.824222678,2.9564883187391677,-0.8821432819999999,2.8985677147391677,30,30
LLQIIAAISQCIAAKDQARAALQQQI,0.39295521369609154,0.9831157,2.8006438630882746,-0.7874790745000001,2.9962804885882743,30,30
LIQKGAAIGQQIAAFKQLRAALQQLI,0.5077572095225636,0.7480606700000001,2.6073160975676912,-0.6630763805,2.692300387067691,30,30
LEQKIAAIGQQIAAKDQAIAALRQRQ,0.43617818005049586,1.066184008,2.4559098191514876,-0.9163617895,2.605732037651488,30,30
LNQVIAAIAQEIAALEQIQAALSQII,0.5484236394471874,1.0045574800000001,3.5020827813415627,-1.040917968,3.4657222933415626,30,30
EGQIIAAIEQEIAAFKQIIAALEQAQ,0.43548610810615984,0.7720132900000001,2.4493355173184796,-0.49010825150000015,2.7312405558184794,30,30
LQQIIAALEQVIAAFEQNRAALLQII,0.5273827271770299,0.36824417600000003,2.6679540195310896,-1.0354514605,2.0007467350310897,30,30
AEQQIAAVAQEIAALAQIQAALKQLI,0.49479690238574753,0.666667266,2.736800808157243,-0.9447619405000001,2.458706133657243,30,30
LEQQIAAVAQSIAALRQNRAALDQQI,0.37303544052324783,0.920128514,2.9743304705697433,-1.0985403095,2.7959186750697436,30,30
LQQKIAAIEQRIAALEQLQAAIEQAI,0.5689972507221845,0.505471476,2.5641604841665537,-0.891232687,2.1783992731665536,30,30
LLQSIAAQEQLAAACKQARAACKQLI,0.37233547013853396,0.25866078700000006,1.767554644415602,-0.5015824405000001,1.524632990915602,30,30
LQQIIAAIEQQIAAVLQIRAALMQVI,0.46257771373172624,1.052557975,3.089877628195179,-0.7836853530000001,3.358750250195179,30,30
VIQQIAAIQQRQAAVFQIRAALIQII,0.36487032425902766,0.907438218,2.342327361777083,-0.4339466155,2.8158189642770832,30,30
LNQRIAAIIQQIAASEQNRAALQQII,0.47675910126650434,1.165982197,3.1341409287995132,-0.7957955590000001,3.504327566799513,30,30
LKQIIAAISQEIAALMQIQAALEQEI,0.5405489770493378,0.9283303440000001,3.478458794148014,-1.0948213515,3.3119677866480135,30,30
LIQIIAAISQCIAAVIQSVAALIQAI,0.3174393138386113,1.129834277,2.6105425855158337,-1.077536953,2.6628399095158337,30,30
LRQIMAAIEQRIAAFRQVRAALQQRQ,0.44111156950775404,0.726558748,1.997121434523262,-0.586897665,2.136782517523262,30,30
LEQQIAAVAQEIAALEQIQAALSQII,0.564336937991473,1.131978588,3.5876752789744195,-1.1210636115,3.5985902554744196,30,30
LRQIIAAISQRIAALSQLRAALKQLI,0.5886198778422506,1.2598716280000002,3.7483478705267523,-1.0381493595,3.9700701390267525,30,30
LKQIIAAISQMIAALRQDDAALDQMI,0.2869758040738929,1.0924467180000001,2.757758727221679,-1.0147828334999998,2.835422611721679,30,30
LIQIIAAIMQAIAACFQCRAALEQII,0.36885434993316873,1.078365134,2.7471951797995064,-0.7604026230000002,3.0651576907995066,30,30
LFQIIAAIKQRIAALEQRRAALQQII,0.5608593236090061,1.0018899860000001,3.665066207827019,-1.075573515,3.591382678827019,30,30
ISQEIAAIFQQIAASEQNRAALQQII,0.4122589662950815,0.830399659,2.3532639328852447,-0.5352234235000001,2.6484401683852448,30,30
LNQLIAAISQLQAAEEQARAALQQAI,0.46700757014301636,1.234889963,2.9826401894290493,-0.6470995880000001,3.570430564429049,30,30
PSQAIAAIKQEIAALEQIRAALLQII,0.4986037188572633,0.755554622,2.94639193457179,-0.7817054445000001,2.92024111207179,30,30
QEQLIAACKQAGAAFRQSRAALIQAI,0.3043274326130391,0.5453041740000001,1.5227439708391173,-0.38921611600000006,1.6788320288391172,30,30
LEQIIAAIKQERAALEQVRAALEQII,0.5804471165711056,0.7497441980000001,3.259684713713317,-1.0083249395,3.001103972213317,30,30
LVQEIAAFKQEIAALKQLRAALKQII,0.5260897122551828,0.6124544820000001,3.0705675177655483,-1.053975945,2.6290460547655483,30,30
LNQHIAAIEQVIAALQQERAALKQII,0.5173183610568557,1.25518356,3.534443320170568,-1.0538475040000002,3.7357793761705675,30,30
LKQIIAAIEQEIAAVLQKIAALQQAI,0.5023825169275908,1.076032517,3.1597016617827727,-0.8914798375,3.3442543412827725,30,30
IEQQIAAIEQQIAALSQDRAALEQAI,0.47267607033111625,1.012827992,2.813139856993349,-0.887337123,2.938630725993349,30,30
LEQRIAAIDQQIAALRQDRAALDQQI,0.3973367756211586,1.0498616900000002,3.1744985638634766,-1.0361970825,3.1881631713634766,30,30
LGQMMAAIEQESAALSQEIAALEQEI,0.4378382990244652,0.528194087,1.8817134070733956,-1.121653486,1.2882540080733955,30,30
LGQKIAAIMQTIAAESQISAALEQRI,0.3754972352099613,0.858994622,2.544580121629884,-0.810486818,2.5930879256298836,30,30
LEQIIAAIQQQIAAQQQQRAALQQAI,0.510407387572234,1.169673071,3.119891767716702,-0.7615871605000002,3.5279776782167014,30,30
EEQEIAAIEQVIAALQQKVAALEQSI,0.46925857648565705,0.9887067200000001,2.7760349564569715,-1.1491841255000002,2.6155575509569715,30,30
LIQIIAAIMQAIAACHQERAALEQII,0.45776676567341945,1.0787279440000002,3.0139324270202588,-0.7457636465000002,3.346896724520258,30,30
LEQKIAAIEQRIAALKQLRAALEQRI,0.6142442573427929,1.010804174,3.825221009028379,-1.161621163,3.6744040200283794,30,30
LIQEIAAIKQHIAALRQDRAALQQQA,0.38113485184496765,0.9869175,2.554173138534903,-1.0282286255,2.512862013034903,30,30
LDQHIAAIKQHIAALRQDEAACEQEI,0.3100413001532357,0.583556212,1.9604289204597074,-0.797524027,1.7464611054597072,30,30
LLQLIAAIQQAIAAFLQARAALDQAI,0.4159507484787151,1.1350315160000002,2.9821832734361458,-0.732473475,3.3847413144361456,30,30
LLQSIAAIEQAIAALEQSLAALKQII,0.48964477947590346,0.8271819440000001,3.1349211634277103,-1.3132098285,2.6488932789277104,30,30
LSQKIAAIEQMIAALTQRRAAFKQII,0.4505898332357499,0.5249771540000001,2.40419342370725,-0.7116247475,2.21754583020725,30,30
LQQIIAAIEQQIAAFRQVIAALLQRI,0.5123670419116284,1.245825114,3.221841777734885,-0.9091604595,3.5585064322348847,30,30
LNQKIAAIQQKIAAVKQMFAALEQKI,0.40221009987870315,0.8673110430000001,2.8032541646361095,-0.9666680299999999,2.70389717763611,30,30
LEQIIAAIMQTIAAQDQQRAALQQAI,0.4479287611524088,1.1796761249999999,2.932455888457227,-0.7550839220000001,3.3570480914572274,30,30
EEQQIAAILQRQAAVFQIRAALEQEM,0.41003287508303177,0.86232933,2.401019144249095,-0.48693851650000003,2.7764099577490953,30,30
LIQMIAAIEQAIAALVQIRAALEQGW,0.42862223970595925,0.9526355940000002,2.790925371117878,-0.9527390330000001,2.790821932117878,30,30
LSQKLAAIEQMIAALHQRRAALKQII,0.4983570791371068,1.068776566,3.16072626741132,-1.1903550514999999,3.0391477819113204,30,30
CQQKIAAVAQEIAAGAQIQAALKQLI,0.4438549719531019,0.730571474,2.331190382859306,-0.552581254,2.5091806028593058,30,30
LAQKIAAVAQEIAASEQIQAARKQLI,0.4480096541855171,0.49181834500000005,2.3079638545565513,-0.4431444080000001,2.356637791556551,30,30
LNQVIAAIAQEIAALEQIQAALQQRI,0.5717179131652226,1.069970312,3.571965602495668,-1.0584640855,3.583471828995668,30,30
LIQHIAAIEQQKAASSQNRAALEQEI,0.44673158192889745,1.211028261,2.9375874627866922,-0.7792273049999999,3.3693884187866923,30,30
LMQEIAAILQVIAAVIQIRAALEQEI,0.45180234101764943,1.024561575,3.0575515100529485,-0.8346181215,3.247494963552948,30,30
LSQEIAAIQQQIAASEQNRAALIQAI,0.4628520583688581,1.2373037990000002,3.092419800106575,-0.758464384,3.5712592151065756,30,30
LEQQIAAVAQEIAAFAQIQAALKQLI,0.5238057787163612,0.9732907,3.217924592149084,-0.8858710415000001,3.305344250649084,30,30
LIQRSAAIEQKIAALSQLRAALEQDI,0.539383442045766,0.922080368,2.890000680137298,-1.018278885,2.7938021631372982,30,30
LQQIIAAISQQIAASEQMRAALIQAI,0.5118235027193108,1.253301253,3.2393341331579326,-0.7335922585000001,3.7590431276579324,30,30
LIQIIAAISQCIAAVIQIRAALQQII,0.4312937884601705,1.051819273,2.9960258523805114,-0.7786808045000001,3.269164320880512,30,30
LEQRIAAIDQQIAALAQIQAALKQLI,0.5296339513666054,0.9277861260000002,3.4457137170998164,-1.1270368115,3.2464630315998164,30,30
LAQHIAAIAQQIAALSQIRAALEQEA,0.4736948455083014,0.815487724,2.8318531195249044,-1.0694348425,2.577906001024904,30,30
LEQIIAAILQLIAAVSQDRAALQQAE,0.3980857933587098,1.0071447889999998,2.4311564980761293,-0.7090647785000002,2.729236508576129,30,30
RIQRIAAIQQKIAALSQLRAALKQLI,0.509248162607111,0.88083263,3.105059581821333,-0.8002437630000001,3.185648448821333,30,30
LIQHIAAIQQQIAALSQDRAALEQAI,0.4650301960326338,1.1527040320000002,3.3775788250979017,-1.0526136935000001,3.4776691635979016,30,30
ENQLIAAIEQVIAAFTQERAALQQEI,0.43653138427742333,0.94996482,2.4736160138322703,-0.5082653190000002,2.91531551483227,30,30
LIQEIAAVQQEIAALEQAIAALRQRI,0.5508376313355714,1.127261924,3.5752998890067142,-1.2048664699999998,3.497695343006714,30,30
LQQIIAAIEQQIAASGQNKAALRQRI,0.4362046130676455,1.084152237,3.1201595602029366,-0.8569281395,3.347383657702937,30,30
LLQMIAAIEQLAAAVKQARAALKQLI,0.47332570245193484,0.8867359720000001,3.0261825663558044,-0.805781916,3.107136622355805,30,30
LKQHQAAIVQQIAAVEQIRAALEQEI,0.43662239319921564,0.795940117,2.553339725597647,-0.7718426915000001,2.577437151097647,30,30
LRQIIAAIGQRAAASIQDRAALQQAI,0.41397342468031384,1.149439008,3.0078501240409414,-0.6904481924999999,3.4668409395409414,30,30
LEQILAAISQEIAALSQARAALKQRI,0.603890006823873,0.9298422820000001,3.477325050471619,-1.2628201479999999,3.1443471844716195,30,30
LRQHMAAIEQVKAAFRQARAALIQRI,0.41661120416819963,0.804580462,2.2472955735045987,-0.5864357805,2.465440255004599,30,30
LIQEIAAVQQEIAALEQAIAALRQAI,0.5508376313355714,1.127261924,3.5752998890067142,-1.18169032,3.5208714930067138,30,30
LRQIIAAIQQQIAAEQQARAALKQII,0.5546230323621206,1.178285274,3.2677181070863623,-0.6912216220000001,3.7547817590863626,30,30
LSQDIAAIEQRIAAQSQARAALKQII,0.41918931139371574,1.257730401,2.846237539181147,-0.7000424550000002,3.403925485181147,30,30
LIQRIAAIEQQIAAVSQLRAALKQIQ,0.4519506607102095,0.991135077,2.6331839021306287,-0.6872081845000001,2.9371107946306285,30,30
TNQRIAAIEQRIAACDQERAALVQLI,0.4893958966618626,0.840132682,2.527329490985588,-0.47143580900000004,2.8960263639855883,30,30
LIQEIAAIEQEIAAVEQSRAALEQEI,0.5413655725686254,1.094806961,3.3262412047058767,-0.809902454,3.6111457117058765,30,30
LRQIIAAMHQQIAAQHQRRAALEQII,0.4721909919397254,0.857797677,2.6199872748191764,-0.687062955,2.790721996819176,30,30
LVQKIAAIEQKQAAVVQRRAADEQAI,0.4248543236384939,0.52215619,2.0745787779154816,-0.43435473050000006,2.1623802374154817,30,30
LNQKIAAIEQRIAAQQQARAALKQII,0.4942040244685668,1.176320115,3.0712816784057004,-0.7118255855000002,3.5357762079057005,30,30
LLQEIAAIMQSIAAFLQERAALIQII,0.3798423396800417,1.1179325480000002,2.8738580470401254,-0.8024441875,3.1893464075401257,30,30
WEQIIAAIEQRIAAFRQVRAALQQRI,0.47658195422887,1.203676164,2.63216943168661,-0.41083660650000003,3.42500898918661,30,30
LGQRIAAIEQEIAALTQERAALQQAI,0.5078072130537831,1.128063638,3.5059098761613496,-1.0886738305,3.545299683661349,30,30
LIQIIAAIRQEQAALEQAIAALLQRI,0.5075662450293628,0.9854098930000001,2.9801067900880884,-1.0803465525,2.8851701305880884,30,30
LGQKIAAINQKAAAEIQIRAALKQSI,0.36268895722919114,1.127865743,2.8033235306875737,-0.7678002365000002,3.1633890371875735,30,30
LEQRIAATEQQIAALLQLRAALEQEI,0.5621388645672946,0.7918335160000001,3.353776350701884,-1.1716651465,2.973944720201884,30,30
LIQEIAAIEQRIAAVDQKRAALQQNI,0.48776435705983306,1.0431117890000001,3.1654375581794993,-0.7095537900000001,3.498995557179499,30,30
RQQKEAAIKQERAAFRQVRAALRQNI,0.38600969321969825,0.6486698359999999,1.7752124416590949,-0.4083790975,2.0155031801590946,30,30
LEQIIAAILQLQAAFLQRRAALIQII,0.45004397344983516,1.140520805,2.9867748353495056,-0.6913530695000001,3.4359425708495053,30,30
LSQIIAAIMQIIAAVVQRRAALEQAI,0.4595843603774784,1.246969333,3.0808975681324355,-0.7612676405000001,3.5665992606324357,30,30
LRQIIAAIQQQIAAESQARAALKQII,0.5368409152456118,1.2216362040000002,3.2143717557368356,-0.6974572375000001,3.7385507222368357,30,30
LIQQIAAIEQEIAALSQKRAALEQII,0.5597331372835316,1.303984674,3.661687648850595,-1.0478168955,3.9178554273505957,30,30
LIQKIAALQQKVAAISQKRAALQQII,0.4749903664174103,0.257414078,2.3123582582522313,-1.178663009,1.3911093272522312,30,30
LIQRIAAIEQLIAALSQVRAALKQAI,0.5267140114602745,1.2189331900000002,3.562630271380824,-1.0167508435000001,3.7648126178808243,30,30
LMQIIAAISQQIAASEQNAAALMQLH,0.4230787477432549,0.767423773,2.0514001752297646,-0.7648034665,2.0540204817297645,30,30
LRQKIAAIEQQIAASEQNIAALQQIR,0.503681943588402,0.899241555,2.787923428765206,-0.8389903815,2.8481746022652064,30,30
LIQEIAAIEQRIAALSQDRAALQQGR,0.4011643176637716,1.0962353400000002,2.808585538991315,-0.9285214469999999,2.976299431991315,30,30
LSQDIAATEQVIAAFKQERAAHEQAG,0.37273550455872545,0.340471128,1.4040333076761762,-0.43416179050000003,1.310342645176176,30,30
LLQEIAAIKQEIAALEQIRAALEQEI,0.6299839956116353,1.0230836680000002,3.8724402238349063,-1.1836782695,3.711845622334906,30,30
LLQHQAAISQQIAAVKQAIAALQQII,0.4418477515564787,0.801948197,2.465623398669436,-0.8278615650000001,2.4397100306694357,30,30
LIQEIAAIEQVIAAVIQIRAALIQVI,0.4492250329780324,1.1741253990000002,3.049819585934097,-0.6962501845000001,3.527694800434097,30,30
LRQEIAAIEQVIAACHQERAALDQII,0.4838078974441335,1.014675658,3.0920558223324006,-0.6571495630000002,3.4495819173324005,30,30
LEQQLAAIEQLIAAEEQVRAALEQEI,0.5881954364405201,0.956940342,3.0516021123215604,-1.0488692905,2.9596731638215603,30,30
LAQKIAAIEQTLAALHQSRAALQQAL,0.4273253640132909,0.47207439000000007,2.200612629039873,-1.356785879,1.315901140039873,30,30
TLQIIAAIMQSIAAITQKIAALSQAI,0.3707610953110656,0.7298399799999999,2.050860802933197,-0.573720625,2.206980157933197,30,30
LIQIWAAIEQQIAAVLQIQAALKQLI,0.475364697242024,0.664498347,2.4628581937260723,-0.7851986535,2.3421578872260724,30,30
LIQRIAAIEQQIAALSQLAAALKQII,0.5467980351815874,0.955751762,3.2361954605447627,-1.1158036795,3.076143543044763,30,30
LLQIAAAIMQSIAAFLQERAALIQLI,0.40606089317862665,0.7888724300000001,2.31617739153588,-0.757734754,2.34731506753588,30,30
LIQIIAAISQEMAALKQLRAALEQRI,0.5506554601280722,0.873098241,3.039013043384217,-1.0763687554999999,2.835742528884217,30,30
LNQHIAAIIQRIAALEQSIAALQQAI,0.47389713685249046,1.18608585,3.3545892715574714,-1.1727455969999998,3.3679295245574723,30,30
LVQHIAAIKQHIAAFRQKRAALEQEI,0.43213848903347013,1.3280954080000003,3.0307464951004106,-0.8076823915000001,3.55115951160041,30,30
LQQTIAAIQQERAAEEQIRAALQQII,0.45930511906785737,1.132607206,2.984339011203572,-0.7232016215,3.393744595703572,30,30
LQQDIAAIEQEIAALSQKRAALEQII,0.522533051082891,1.4431680880000002,3.550087390248674,-1.0514529645000001,3.941802513748674,30,30
LEQLIAAISQQIAASEQNRAAVQQII,0.4663451765799174,0.8969630770000001,2.3237026077397522,-0.5550126705,2.6656530142397523,30,30
LQQIIAAIEQVIAAFEQNLAALLQRI,0.5069920072327314,0.8446713640000001,2.938805637698194,-1.005879658,2.777597343698194,30,30
LNQCIAAISQVQAAEVQIRAALLQII,0.45642780383553383,0.902077785,2.9509008905066016,-0.6285047660000002,3.2244739095066013,30,30
RQQKIAAIEQRIAALKQLRAALSQAI,0.5138122951688336,0.851773954,3.118751979506501,-0.7972132760000001,3.173312657506501,30,30
LLQQIAAIKQQIAALVQIRAALSQII,0.5655452127323124,1.07866134,3.6791238751969377,-1.062980653,3.6948045621969374,30,30
LEQIIAAIEQVIAALQQKRAALEQSI,0.5549024830020352,1.2640977480000002,3.647195686006106,-1.110450278,3.8008431560061062,30,30
LRQHIAAISQLQAAEVQERAALEQII,0.4879772651281313,1.152481945,3.0455492743843937,-0.6538886345000001,3.5441425848843933,30,30
LIQEIAAISQLQAALEQARAALRQRI,0.5263251121654654,0.9720164570000001,3.0859737674963963,-0.935732637,3.1222575874963967,30,30
EEQKIAAIEQSIAAVDQARAALDQAI,0.4296242094791355,0.775670807,2.4207079484374066,-0.506046443,2.6903323124374063,30,30
LEQVIAAISQQIAASEQMRAALQQII,0.5495779510639038,1.425923247,3.352597478191712,-0.7386966515000001,4.039824073691712,30,30
LKQIIAAIQQKIAALVQDRAALEQAI,0.5003231052784612,0.9983525720000002,3.483457552835384,-1.0930492950000001,3.388760829835384,30,30
LEQQIAAVAQEIAALAQIQAALKQLI,0.5542282710812685,0.95580128,3.557349278243806,-1.1789427415,3.334207816743806,30,30
LVQIIAAIEQRIAAFTQERAALFQAI,0.43355817606703523,1.2138683860000001,3.0350055562011056,-0.7199205855,3.528953356701106,30,30
LEQEIAAIQQKHAAVKQFRAALSQII,0.4039383871416139,1.156429369,2.827192534424842,-0.7968791035,3.1867427999248417,30,30
PSQAIAAIKQEIAALEQARAALQQAI,0.4928224038258416,0.796158734,2.929047989477525,-0.8104699390000001,2.914736784477525,30,30
LLQQIAAIKQAIAALQQMQAALIQAS,0.428175820903214,0.70123245,2.536559072709642,-0.9804297615,2.257361761209642,30,30
FEQIIAAIHQEIAAFKQFRAALQQAL,0.46500552720047167,1.066487908,2.6774361646014153,-0.585607205,3.1583168676014153,30,30
LIQIIAAIEQLQAAEEQIRAALEQRI,0.5624256749477288,1.018493897,3.2688945038431862,-0.6814115990000001,3.605976801843186,30,30
VNQKIAAISQQIAALSQARAALQQEI,0.5203407894380961,0.9452457780000001,3.0802208763142884,-0.8085801405,3.2168865138142886,30,30
LIQEIAAIEQEIAAVLQIRAALIQII,0.486165299662227,1.1654179150000001,3.160640385986681,-0.727327558,3.5987307429866817,30,30
LQQIIAAIIQRRAAVDQKRAALEQNI,0.4332772589183923,1.130191009,2.895220257755177,-0.702596648,3.322814618755177,30,30
LNQVIAAIAQEIAALEQIAAALEQEI,0.5904176986349845,0.7333440040000001,3.367054450904954,-1.187127088,2.913271366904954,30,30
LRQIIAAMHQQIAAVEQIRAALEQEI,0.5608427200176098,0.872033275,2.9994173410528298,-0.7206349675000001,3.15081564855283,30,30
LKQIIAAILQCIAACHQERAALEQRI,0.44245980284902,0.9617152900000001,2.96801153854706,-0.7554303250000001,3.17429650354706,30,30
LQQQIAAIKQQIAASEQNRAALQQII,0.4969191187444011,0.9779981010000001,3.1946209812332036,-0.8337549605,3.3388641217332036,30,30
LEQVIAAIQQKLAALVQDRAALEQAI,0.4917238846526409,0.6842569520000001,2.8106288439579226,-1.2483461864999998,2.2465396094579226,30,30
LSQIIAAIMQIIAAFLQRRAALIQII,0.39005706505460547,1.14591587,2.9045022231638167,-0.7543037895,3.296114303663817,30,30
TEQEIAAISQVIAAFMQMRAALQQAI,0.48617105364411917,1.010901652,2.6113538599323576,-0.48902486600000006,3.1332306459323576,30,30
LIQEIAAIHQKIAAVFQDQAALQQAI,0.35965847518069566,0.980345799,2.655443538542087,-0.7321596100000001,2.9036297275420866,30,30
LEQKIAAIGQRIAALEQAIAALKQRI,0.5787197988544339,1.001937008,3.669057257563302,-1.2712644745,3.3997297910633018,30,30
ERQNIAAIEQQIAALSQTRAALEQII,0.4332799516273668,1.185885838,2.7120189248821003,-0.8078697645000001,3.0900349983821,30,30
LWQEIAAIKQEVAAIKQAIAAHEQII,0.4017921540925178,0.30158486,1.7702641642775534,-0.7488258700000001,1.3230231542775535,30,30
LIQKIAAIGQRIAALEQARAALKQLI,0.5759382617096047,1.0281368720000001,3.710303022128815,-1.067478606,3.670961288128815,30,30
LLQQIAAIKQLIAANEQSKAALEQEI,0.4639415644180996,0.995943448,3.140197767254299,-0.9023613265000001,3.233779888754299,30,30
LIQQIAAISQRIAALSQIVAACEQII,0.4252465446684654,0.47025762000000004,2.277207819005396,-0.9192756395,1.8281897995053962,30,30
WEQIIAAIEQRIAAFRQVRAALLQRR,0.4372360704200808,1.056763088,2.5160874242602422,-0.35518327250000004,3.217667239760242,30,30
KVQIYAAIEQRIAAFTQERAALFQAI,0.3281742655309238,0.5822320599999999,1.4476471855927713,-0.4801305600000001,1.5497486855927711,30,30
LIQHIAAIQQAIAAFTQERAALQQLI,0.4628828075868277,1.102409264,3.122979450760483,-0.7592448645000001,3.466143850260483,30,30
LNQKIAAIMQTIAAQDQQRAALQQAI,0.4143642163899959,1.077818437,2.8317622541699876,-0.7478526120000002,3.161728079169987,30,30
LLQIIAAISQQIAACEQVRAALEQII,0.5478094953527693,1.253560544,3.2840606160583086,-0.6997606280000002,3.8378605320583086,30,30
IEQMLAAISQEIAAEIQILAALEQEI,0.47385632000767497,0.10423761999999998,1.4654936540230248,-0.9878706205000001,0.5818606535230246,30,30
LHQTIAAIRQVTAAASQIRAALEQEI,0.3133128256622137,1.023721438,2.5728339689866413,-0.812746458,2.7838089489866413,30,30
LTQKIAAIKQKAAAVIQDRAALKQRI,0.383346535216626,0.926406894,2.756245064649878,-0.8100244265000001,2.872627532149878,30,30
LRQIIAAINQQIAAKSQARAALKQII,0.4780614914031356,1.187608164,3.055962696209407,-0.7522626365000001,3.4913082237094066,30,30
LSQDIAAIEQRRAAQQQARAALKQII,0.40259569382776844,1.168269773,2.7477342664833055,-0.6331707435,3.2828332959833055,30,30
LKQVIAAIEQVCAATQQKKAALEQSI,0.3486640867359118,1.05242354,2.7040212422077357,-0.856538228,2.8999065542077354,30,30
LIQIIAAIEQVLAALQQKRAAKEQSI,0.4593929164244669,0.25325938200000003,1.797423648273401,-1.0052954,1.0453876302734009,30,30
AAQIIAAISQQIAALQQKRAALEQSI,0.42431142112625864,0.8265033200000002,2.6131681363787758,-0.9202385585000001,2.519432897878776,30,30
LEQIIAAIEQVIAAHSQARAALNQII,0.44852365211850004,1.131867465,2.9745119893555003,-0.7193804495000001,3.3869990048555003,30,30
LLQQIAAIKQAIAALQQKQAALIQAI,0.4923461934875339,0.977279126,3.3338504434626017,-1.09490387,3.2162256994626017,30,30
LEQQIAAIKQVIAALEQKSAALPQII,0.4401627354883233,0.848651906,3.11721584946497,-1.2472434045,2.71862435096497,30,30
LIQKIAAIGQKIAALEQAIAALRQRI,0.5422452177231801,1.0324469299999999,3.5596335141695405,-1.1351164345,3.4569640096695404,30,30
VNQKIAAIEQLQAAEEQIRAALLQRI,0.5185773791413817,0.698573541,2.674059887424145,-0.4143139205000001,2.958319507924145,30,30
LKQEIAAISQQIAASEQMRAALQQII,0.52481989071668,1.2528270830000001,3.2783232971500404,-0.8031720005,3.7279783796500405,30,30
LEQVIAAITQEIAALEQIQAALSQEM,0.5041859230024548,1.0006796260000002,2.8413409270073644,-1.055087361,2.7869331920073646,30,30
LIQKIAAIGQQIAAFKQLRAALFQQI,0.4266036160522135,1.1070351120000002,3.0141418761566405,-0.7137257995,3.407451188656641,30,30
LRQEIAAIEQVEAAVIQMRAALIQQI,0.3609169708754197,0.917650767,2.6283608436262593,-0.6544959405000002,2.8915156701262594,30,30
LIQIIAAIKQEIAALQQAIAALQQII,0.5703447954080347,1.0814087940000001,3.6439322472241042,-1.2076345405,3.5177065007241044,30,30
LLQEIAAKIQKIAALEQIRAALVQEI,0.5194626356549154,0.792919154,3.0870672039647458,-1.028882848,2.8511035099647453,30,30
LRQKIAAIQQKIAAVDQKRAALQQNI,0.49810824882504023,1.0465585010000003,3.1964692334751206,-0.788143334,3.4548844004751205,30,30
LNQHIAAIHQAIAAFEQLQAALEQKI,0.4448398751515762,0.9421785659999999,2.9431742794547286,-0.8505268555000001,3.0348259899547285,30,30
LEQMQAAILQEMAAFTQKRAALLQII,0.41355103479487243,0.783724707,2.4033107323846172,-0.6841010715,2.5029343678846177,30,30
LEQRIAAIDQQIAALRQDRAALDQQI,0.3973367756211586,1.0498616900000002,3.1744985638634766,-1.0361970825,3.1881631713634766,30,30
LRQEIAAIEQQIAAVLQIRAALFQVI,0.453645915262715,1.078092319,3.0630822327881453,-0.7605613560000001,3.380613195788145,30,30
LRQIRAAIKQEIAALKQARAALKQII,0.5732260137233595,0.942901956,3.1988282451700787,-1.0193490045,3.1223811966700787,30,30
LQQIIAAIEQIIAASEQNRAALEQAI,0.5131938987368826,1.246852907,3.243445321210648,-0.7610100615000001,3.729288166710648,30,30
LEQAIAAIMQQMAASEQTRAALLQIY,0.34494452046674845,0.7139042500000001,1.9877082194002453,-0.6914468685,2.0101656009002458,30,30
LNQKIAAIEQRIAAQQQARAALKQII,0.4942040244685668,1.176320115,3.0712816784057004,-0.7118255855000002,3.5357762079057005,30,30
LRQIIAAIGQRAAASIQDRAALQQAL,0.41397342468031384,0.9724306000000001,2.591029471040941,-0.8501395709999999,2.7133205000409415,30,30
LQQIIAASEQEIAALRQINAALEQVI,0.516266255730068,0.857575794,2.918043782190204,-1.3111695465000002,2.4644500296902034,30,30
LIQEIAAIEQQIAAFFQRWAALEQII,0.41699377036544083,1.006531624,2.8382728650963225,-0.8170487329999999,3.0277557560963224,30,30
LRQIRAAIEQQIAAILQIRAALFQVI,0.4541729178564075,0.7123234279999999,2.4288389425692225,-0.70159823,2.4395641405692223,30,30
LQQIIAAIEQQIAASGQNRAALRQRD,0.4054733220009269,0.830117137,2.423297582002781,-0.7249684895,2.528446229502781,30,30
LKQRIAAIEQVIAAFDQARAALEQRM,0.4931099199927151,0.772037628,2.6856320829781453,-0.7221200255000001,2.735549685478145,30,30
LIQEIAAIKQEIAALEQIQAALKQLI,0.6052237628453736,0.87054964,3.672483151536121,-1.1276537165,3.415379075036121,30,30
LIQIIAAISQEIAALEQNRAALQQIL,0.5560822627120927,1.0935376860000003,3.2339143721362786,-1.2612968894999999,3.0661551686362793,30,30
LQQIKAAIMQEIAACIQKIAALEQII,0.4401336561498542,0.93258562,2.2479522134495626,-0.7738749075,2.406662925949563,30,30
LIQKIAAIKQVTAAASQIRAALEQEI,0.49498276829309684,1.0806081920000001,3.1178437968792907,-0.792395789,3.406056199879291,30,30
LIQEIAAIKQHMAALRQDRAALQQQI,0.36000679877990793,0.945948713,2.467067059339724,-0.9975637395,2.415452032839724,30,30
LRQHIAAGSQIQAAEEQVRAALEQII,0.4267950948452262,0.9432365309999999,2.440401101535679,-0.6246263725000001,2.7590112600356793,30,30
LIQEIAAIYQESAAMEQRRAALEQEI,0.4506442518643619,1.047290174,2.971542055593086,-0.7011767010000001,3.3176555285930855,30,30
LEQMIAAIEQAIAARSQRRAALIQQI,0.38429514701439094,1.3023482720000001,2.9153840510431728,-0.7223483025000002,3.495384020543172,30,30
LRQEIAAIEQVIAAVMQKRAALEQII,0.5075339230953327,1.2266181390000002,3.2247462562859983,-0.732461459,3.7189029362859984,30,30
LIQRIAAIRQQIAALSQIRAALVQEI,0.48714922169809244,1.124526224,3.443935902094278,-0.9663723630000001,3.6020897630942783,30,30
LEQIIAAKSQKIAALEQDRAALEQAI,0.5046209218149232,0.854081164,3.0425420624447694,-1.1226829845000001,2.7739402419447696,30,30
LIQTIAAIEQEIAARSQKRAALEQII,0.4475326194649545,1.3023482720000001,3.105096468394864,-0.7394226485000001,3.6680220918948634,30,30
LIQEIAAIEQEIAAVEQARAALQQAI,0.5593730434863315,1.061368381,3.380263617458995,-0.7343025670000001,3.7073294314589944,30,30
ERQNIAAMEQQIAALSQLRAALKQRI,0.488397443957713,0.8266620419999999,2.492116095873139,-0.792622675,2.5261554628731386,30,30
LEQEIAAILQKIAAVFQDRAALQQAI,0.4168174544250488,1.292756593,2.952596850275147,-0.8288134480000001,3.416539995275147,30,30
LSQRIAAIEQEIAAFTQERAALQQAI,0.5011046184156277,1.1810778060000002,3.237644883246883,-0.772385152,3.6463375372468834,30,30
LGQKIAAIEQMPAALTQRRAALKQII,0.3891032744605065,0.807013603,2.5365200263815195,-0.9442435955,2.3992900338815195,30,30
LKQLIAAISQDIAAKDQARAALSQIQ,0.33879843595764786,0.881995718,2.213360962872944,-0.7629439365,2.3324127443729434,30,30
LVQIIAAIRQIIAAISQDRAALQQAI,0.3566685921312957,1.0252749780000001,2.639663998393887,-0.7104625670000001,2.9544764093938873,30,30
LRQKIAAISQLIAALSQKRAAMEQII,0.5345038337296957,0.7699158020000001,2.7891320891890867,-0.7268548405000002,2.8321930506890864,30,30
LIQRIAAIRQQIAALSQDRAALEQAI,0.4376747568676542,1.1543366860000002,3.295512507602963,-1.0295713560000002,3.4202778376029634,30,30
LRQHIAAISQIQAAEEQVAAALEQEI,0.4696834306839101,1.077919965,2.60398088905173,-0.7712468810000002,2.91065397305173,30,30
LIQKIAAIMQTIAAQDQRRAALQQAI,0.4521096353979358,1.007054131,2.9449985111938077,-0.6975254260000001,3.2545272161938072,30,30
LIQLLAAIEQVIAALRQVVAALMQRI,0.4389768672320653,1.033709014,2.7333934086961964,-1.465120158,2.3019822646961967,30,30
HRQEIAAIQQKHAAVRQFRAALRQRI,0.34046271818662793,0.657430241,2.096324356559884,-0.4627771335,2.290977464059884,30,30
LKQIIAAISQQIAASEQMRAALQQII,0.5320153124037629,1.2528270830000001,3.299909562211289,-0.7229386335000001,3.829798011711289,30,30
LNQHIAAIKQHIAALRQDRAALQQAI,0.4107413870903373,1.3221252620000001,3.214712398271012,-1.052736183,3.4841014772710124,30,30
LVQLLAAIEQVIAASEQIRAALQQAI,0.5214338946585381,0.9972099510000001,2.9513321019756145,-0.8724526589999999,3.076089393975615,30,30
LEQIIAAIEQVIAALQQARAALIQSI,0.5142777819494768,1.285084726,3.525321582848431,-1.0057366140000001,3.804669694848431,30,30
LSQQIAAISQRIAALSQLRAALSQII,0.4915987058854946,1.0960454960000001,3.457284354656484,-0.9989484255000001,3.5543814251564845,30,30
LRQIKAAVAQEIAALEQIQAALKQLI,0.587756455208764,0.7819489700000002,3.0175590376262917,-1.0198185755,2.779689432126292,30,30
LKQIIAAISQQIAASEQNRAALQQVI,0.489259822202183,1.2528270830000001,3.1716430916065494,-0.7333759305,3.691094244106549,30,30
LIQHIAAIEQQKAASSQNRAALQQRI,0.4368382808743245,1.1775896810000002,2.9079075596229735,-0.733172995,3.3523242456229743,30,30
ETQIIAAIEQQIAASLQIRAALEQEL,0.4936306084610426,0.857008985,2.5844198373831277,-0.685368745,2.756060077383128,30,30
LEQIIAAIKQEIAALEQSRAALRQAI,0.5863935517630652,1.175328308,3.741668892289196,-1.125397706,3.791599494289196,30,30
LRQRIAAIDQMIAALAQIQAALKQLI,0.48170708455299815,1.1807945100000001,3.3019331166589945,-1.1190244205,3.363703206158995,30,30
LEQEIAAIKQEIAALKQARAALKQII,0.5851851657104593,0.9901467080000002,3.7380437341313786,-1.156382099,3.5718083431313783,30,30
LSQRIAAIEQKIAALSQLRAALKQDI,0.5203552953922682,1.336593846,3.543554123176805,-1.058131702,3.8220162671768056,30,30
LKQIIAAISQQIAASEQNRAALQQII,0.504114540431484,1.2528270830000001,3.216207246294452,-0.7481487185000001,3.720885610794452,30,30
LSQIIAAIEQEIAAISQKVAALEQII,0.46653472514685246,1.352689872,2.925342554440557,-1.0834902505000001,3.194542175940557,30,30
HEQENAALEQEIAALSQKRAALEQII,0.5045268551074885,-0.16880094599999995,1.3139786833224654,-1.2773318305,-0.13215409317753468,30,30
LRQKIAAIEQLIAAVVQLRAALQQAI,0.5635931169049677,1.104624395,3.3929238377149034,-0.7638368215000001,3.7337114112149035,30,30
LIQHIAAFQQQIAASEQIRAALQQII,0.48684695617039964,0.7760374990000001,2.674214637511199,-0.7177767185,2.732475418011199,30,30
LIQKIAAIGQEIAALEQAIAALRQLI,0.5791854844073749,1.0324469299999999,3.670454314222125,-1.1267130735,3.576188170722125,30,30
TNQRIAAIEQQLAAVSQLRAALKQII,0.4560041792567939,0.663771833,2.0604686027703814,-0.70661584,2.0176245957703816,30,30
MEQEIAAIEQRIAACEQDRAALRQRI,0.4409364297480457,0.971499136,2.405932820244137,-0.4447208605000001,2.932711095744137,30,30
LNQKIAAIMQTIAAQDQQRAAVQQAI,0.386387653043268,0.548858267,1.968636017129804,-0.49233862400000006,2.025155660129804,30,30
LEQIIAAIGQEIAALKQARAALKQAI,0.5827601602331789,1.003069124,3.7307687176995374,-1.091669494,3.642168347699538,30,30
MQQEIAAIMQTIAAQDQQRAALQQAI,0.34773742600739194,0.748708793,2.074373284022176,-0.48925757450000007,2.3338245025221758,30,30
LLQLIAAIEQEIAALEQSRAALQQAV,0.48273214276242293,0.63038565,2.436322247287269,-1.2028485385,1.863859358787269,30,30
LIQEIAAIDQVIAAVQQSRAALQQAI,0.44966829645300316,1.0500959170000002,3.0511493763590094,-0.7420368715000001,3.3592084218590097,30,30
LEQENAAIEQEIAAISQKRAALEQII,0.5102675446925561,0.692475912,2.107337098077668,-0.9247109125,1.8751020975776678,30,30
LNQKIAAINQKAAAFRQVIAALLQRI,0.4268459312561437,1.043685521,3.072774810768431,-0.8379115775,3.2785487542684315,30,30
EGQIIAAIEQEIAAFKQIIAALEQAR,0.46031059688169046,0.7985764,2.5846871416450714,-0.49918840000000003,2.8840751416450714,30,30
LQQTIAAIQQEIAAFRQKKAALEQEI,0.4258537222466643,1.290782868,3.119574290739993,-0.9108317795,3.499525379239993,30,30
LIQHIAAIEQQKAASYQNRAALQQRI,0.3985949910434264,0.9933239750000001,2.793177690130279,-0.7415763559999999,3.0449253091302793,30,30
EAQIIAAIQQEIAALEQAIAALRQRI,0.49923700657785564,0.9705092259999999,2.8602997137335673,-0.9490213935,2.881787546233567,30,30
LIQDIAAIGQQIAAFKQLRAALQQMI,0.44470907078093275,1.1012301240000002,3.0684582403427987,-0.7426127825000001,3.4270755818427983,30,30
LIQLIAAIEQVIAACHQVRAALDQII,0.40793368868932234,1.04238687,2.864433196067967,-0.6618238720000001,3.244996194067967,30,30
LIQEIAAIEQAIAALEQELAALKQII,0.5550534159091772,0.8060920460000001,3.3311470727275316,-1.292253577,2.8449855417275316,30,30
LLQSQAAIEQVIAALQQSVAALKQII,0.42231344833357704,0.871500954,2.642519762000731,-1.2717235120000001,2.2422972040007307,30,30
LKQLIAAIQQEQAAVVQRIAALEQAI,0.4586512848453156,0.9473713480000001,3.037369596535947,-0.900126345,3.084614599535947,30,30
LIQRIAAIEQSIAALEQLRAALGQQI,0.4217956864763676,1.1652332580000002,3.247875296429103,-1.060288126,3.3528204284291028,30,30
LKQKIAAIKQDTAAATQIRAALKQEI,0.4497768267380276,0.9530052360000001,2.982225972214083,-0.8872976405,3.0479335677140833,30,30
LLQIIAAIMQSIAALSQIRAALSQRI,0.46742988401920915,1.08482914,3.384777889057628,-0.995865786,3.473741243057628,30,30
LNQHIAAIEQRIAALKQIRAALIQAI,0.49669766626056994,1.0713844520000002,3.4725812357817105,-1.016062744,3.5279029437817107,30,30
LQQIIAAIEQQIAAVLQLRAALEQRI,0.5285967233271189,1.246269869,3.2879346569813572,-0.829040242,3.705164283981357,30,30
IAQIIAAIEQEIAALRQIKAALEQSI,0.4114966762919972,1.007386784,2.737283770875992,-0.8837457765000001,2.860924778375992,30,30
LRQKIAAIEQLIAAEEQRRAALRQEI,0.5687690206100565,0.9637977560000001,3.31015607183017,-0.7104750370000001,3.56347879083017,30,30
LNQKIAAIMQTIAAQDQQRAALQQAI,0.4143642163899959,1.077818437,2.8317622541699876,-0.7478526120000002,3.161728079169987,30,30
LIQHIAAIQQQIAASEQIRAALQQAI,0.5253631098306608,1.234401305,3.279952954491983,-0.7146177905000001,3.7997364689919824,30,30
LIQAIAAILQEIAALSQKRAALEQII,0.532377698118552,1.1120999200000001,3.579621331355656,-1.0687323175,3.6229889338556562,30,30
LQQTIAAISQNQAAEEQIRAALLQRI,0.4012621579930325,1.133602651,2.785403952979098,-0.6574439025000002,3.2615627014790975,30,30
LIQKIAAIGQRIAAEEQARAALEQAI,0.5449111897237555,1.043222304,3.2385825791712666,-0.703919645,3.577885238171267,30,30
LIQILAAKSQKIAALVQAIAALRQLI,0.5262552606660587,0.25024534,2.5130740759981762,-1.3418253695,1.4214940464981765,30,30
LLQLIAAISQDIAAKDQARAALKQIQ,0.36903386788390696,0.7854249600000001,2.3040672586517212,-0.7097087515,2.3797834671517215,30,30
LKQQIAAISQRIAANEQSKAALEQLI,0.4525090497104542,1.162734294,3.1059002231313624,-0.9405257360000001,3.328108781131362,30,30
TLQQIAAIKQVIAALEQKIAALLQII,0.5321441759597565,0.81768503,2.94784005987927,-0.9352876255,2.8302374643792696,30,30
LEQQIAAIKQVIAATEQKIAALLQII,0.5148486804279074,0.936562762,3.070975569283722,-0.9962667015,3.0112716297837228,30,30
LKQEIAAIEQVIAALRQQRAALEQEN,0.479902360740631,0.786287282,2.534929191221893,-1.2000081630000001,2.121208310221893,30,30
TKQIMAAISQHIAALQQKRAALEQSI,0.4277083859702963,0.42848975400000006,2.048391330910889,-0.7979450455,1.678936039410889,30,30
LIQEIAAIEQRIAALSQDRAALQQGI,0.4405102014725608,1.2705460940000002,3.304018841417683,-0.9933592235,3.581205711917683,30,30
LNQHIAAIKQAIAAEEQIRAALLQII,0.49640369581288063,0.854958096,3.0930600974386424,-0.6987517775000001,3.249266415938642,30,30
LIQIIAAISQEIAAFRQVIAALLQRI,0.5122934251976391,1.11616551,3.2216209275929173,-0.8638350785,3.4739513590929176,30,30
IIQQIAAIAQRQAAVFQIRAALMQVI,0.3235010694655078,0.835483934,2.0941327353965233,-0.439598951,2.4900177183965235,30,30
EKQMIAAIEQVKAAFLQERAALEQEI,0.42026282604603493,0.705892312,2.3236730071381047,-0.45389650400000003,2.575668815138105,30,30
LQQLIAAIEQEIAALEQALAALRQRI,0.531288791353058,0.8541675340000001,3.259853199059174,-1.32911298,2.784907753059174,30,30
LIQRIAAIRQYVAAASQICAALEQEI,0.28395619433086455,0.8810797710000001,2.2134313999925936,-0.9805194835,2.113991687492594,30,30
LRQIIAAIDQQSAAFDQERAALKQPI,0.44950028846581996,1.298444237,3.06483302439746,-0.6751034,3.68817386139746,30,30
LKQIIAAISQQIAASEQSRAALQQAI,0.5146541307450173,1.2528270830000001,3.2478260172350524,-0.7293080605000001,3.771345039735052,30,30
LVQLIAAIEQVIAASEQIRAALQQAI,0.501643212103909,1.074230913,3.2087932613117274,-0.6746349185,3.608389255811727,30,30
RIQRIAAIEQQIAALSQLRAALEQRA,0.5114660688613962,1.059060536,2.980000984584189,-0.7573264885000001,3.2817350320841894,30,30
LIQHIAAMRQQIAALSQDRAALYQAI,0.3213119704340036,0.775020724,2.561168842302011,-0.9889290765000002,2.347260489802011,30,30
LNQKIAAIQQRIAAVVQRRAALEQAI,0.5121685832962565,0.9700461770000001,3.2386502368887697,-0.7731845835000001,3.43551183038877,30,30
LEQIIAAILQLQAAFLQARAALKQII,0.4807753734478206,1.026410645,3.078969035343462,-0.6827333795000001,3.4226463008434616,30,30
LIQIIAATRQEQAALEQAIAALLQAI,0.4795896816826349,0.657559695,2.5684451740479046,-1.0862183645,2.1397865045479043,30,30
MEQIIAAIMQSIAAFLQRRAAHIQRI,0.29961992729401493,0.293521154,1.1542479398820449,-0.1723625935,1.275406500382045,30,30
LNQKIAAIEQRIAAVQQANAALKQGI,0.43404948974068547,1.0206956630000001,2.809868430222057,-1.0536588955000001,2.7769051977220567,30,30
TKQIIAAISQHIAALRQQRAALEQEN,0.4196300894443493,0.785958594,2.6801557403330483,-0.8589964000000001,2.6071179343330484,30,30
LNQLIAAISQLQAAEEQIRAALLQRI,0.48332847548797137,1.0906972330000002,3.031602905463914,-0.6562840315000001,3.466016106963914,30,30
LEQIIAAIHQRIAAVSQIAAALLQII,0.499206427816597,0.816634247,2.8130768884497908,-0.8416621805000001,2.7880489549497907,30,30
LIQEIAAIEQEIAAKDQAVAALQQAI,0.4722696528758326,0.9903598600000001,2.994667337627498,-1.1040673045,2.880959893127498,30,30
LSQDIAAIEQRIAAQQQMRAALKQII,0.43697142851022447,1.238830453,2.899583890530674,-0.6959745850000002,3.442439758530674,30,30
LRQKIAALEQMIAALTQRRAALKQII,0.539087916707753,0.5854858980000001,2.951226797123259,-1.3219895560000001,2.214723139123259,30,30
LKQIIAAISQQIAASEQNRAALQQII,0.504114540431484,1.2528270830000001,3.216207246294452,-0.7481487185000001,3.720885610794452,30,30
LIQEIAAIEQEIAAVDQDRAALEQRI,0.48933597116757616,1.076550369,3.1701524005027286,-0.7767503160000001,3.469952453502729,30,30
RQQKIAAIQQRIAALKQLRAALQQAI,0.5105650724710635,0.888620434,3.1090103114131904,-0.8302611105000001,3.1673696349131903,30,30
LNQKIAAIQQKIAAVKQINAALRQRI,0.46463467457466945,0.822700077,2.901623984724009,-1.0666358645,2.657688197224009,30,30
LLQQIAAIKQAIAAQRQVIAALLQRI,0.4522278763553406,1.256231683,2.895762858066022,-0.8498024515000001,3.3021920895660224,30,30
IEQIIAAIKQEIAALVQNRAALQQII,0.5128161948196084,0.9814764420000001,2.9335602304588253,-0.8114174615,3.103619210958825,30,30
LKQIKAAISQQIAASEQKRAALQQAI,0.516393043431335,0.878683305,2.569368664294005,-0.698494165,2.749557804294005,30,30
FLQMIAAIEQKIAALEQKRAALQQNR,0.4285461778169835,0.811406182,2.7219964554509506,-0.7928782910000001,2.7405243464509503,30,30
LIQEIAAIEQRIAAVDQSIAALQQQI,0.4283856341920981,1.045970601,2.9377110135762945,-0.8427746875000001,3.1409069270762946,30,30
VEQKIAAQEQQIAALQQRRAALEQII,0.5414152585954742,0.6801314999999999,2.744172159786423,-0.8550417475000001,2.569261912286423,30,30
LRQLIAAIEQLIAAEEQVRAALEQEI,0.5364797931745557,1.198485438,3.2132883895236675,-0.7773109570000001,3.6344628705236675,30,30
LRQIMAAIEQMIAAFRQVRAALQQRI,0.4779265029270944,0.9242494880000001,2.5323788017812836,-0.656480097,2.8001481927812835,30,30
LIQHIAAISQLQAAEEQGRAALQQAI,0.4210506732341193,1.164125657,2.844769498702358,-0.6446233900000001,3.3642717657023584,30,30
LIQHIAAIQQTIAASEQARAALEQII,0.48104047606176575,1.267839885,3.146985053185298,-0.7392622635,3.6755626746852976,30,30
RFQKIAAISQQIAACIQKIAALEQII,0.44334787929570196,0.854797646,2.5159122488871057,-0.5264918810000001,2.8442180138871054,30,30
LLQSIAAIEQLAAAVKQARAALKQLI,0.47332570245193484,0.8867359720000001,3.0261825663558044,-0.8101174090000001,3.1028011293558047,30,30
RIQRIAAIEQQIAALEQLRAALEQRA,0.5456092673168091,0.879990196,3.0824305799504277,-0.816323801,3.146096974950428,30,30
LIQIIAAITQQIAALSQSIAALQQAR,0.42625460772622115,0.8887498840000001,2.8342660331786638,-1.075076315,2.647939602178664,30,30
LEQRIAAIMQKMAACEQARAALLQEI,0.4708076542695955,1.0044184250000001,3.0037763598087865,-0.7405470700000001,3.2676477148087866,30,30
LEQLIAAIQQAIAALLQARAALEQEI,0.5030817381368363,1.060952748,3.4917334514105094,-1.1545123415,3.3981738579105087,30,30
LLQLIAAIEQVIAAFTQMRAALQQWK,0.3839030867472222,0.84571815,2.3119146252416662,-0.6667116405000001,2.490921134741666,30,30
LEQVIAAEAQEIAAVLQIRAALEQAV,0.43524940050362376,0.26925923700000004,1.6537081565108713,-0.8500074755,1.0729599180108713,30,30
LIQRIAAIRQQIAALSQDRAALEQAI,0.4376747568676542,1.1543366860000002,3.295512507602963,-1.0295713560000002,3.4202778376029634,30,30
LIQEIAAIEQVIAALQQKRAALEQQI,0.5239871635882005,1.285084726,3.5544497277646023,-1.112250557,3.727283896764602,30,30
LLQHQAAISQQNAAVEQIRAALEQEI,0.4430707956557128,0.906105346,2.424989489967138,-0.8104043315000001,2.520690504467138,30,30
LLQSIAAIEQVKAAFLQERAALEQEI,0.46675107177721425,1.07293098,3.0334469113316427,-0.7492162004999999,3.3571616908316426,30,30
ERQMIAAIEQAIAALEQELAALKQII,0.5090343712999826,0.768405762,2.622780771899948,-1.0308966080000002,2.3602899258999477,30,30
LIQEIAAIEQRIAALDQKRAALQQAI,0.5571147315294301,1.073219162,3.653832431588291,-0.9545067150000001,3.772544878588291,30,30
LIQEIAATSQQIAASEQQRAALLQQI,0.43853817566119885,0.9038470910000002,2.7043496719835964,-0.7662581045,2.841938658483597,30,30
LQQRIAAIEQVIAACRQKIAALEQII,0.4856798665480292,1.389764048,3.0480813536440876,-0.8409122585000001,3.596933143144088,30,30
IIQIIAAIMQEIAAFEQNRAALVQLI,0.45151258762501745,0.8306976100000001,2.5014921998750523,-0.512921594,2.819268215875052,30,30
LEQVIAAIQQKIAALVQDRAAKEQAI,0.4722579343737471,0.4668692120000001,2.483049749121241,-0.8755873815000002,2.0743315796212407,30,30
IEQEIAAIEQEIAACHQERAALEQII,0.4916562998024203,0.780315028,2.528224438407261,-0.5232960465000001,2.785243419907261,30,30
LIQTIAAIEQEIAALSQRRAALEQAI,0.5155618492671058,1.303984674,3.529173784801318,-1.0541863215,3.778972137301318,30,30
LRQHIAAISQAEAAEEQVRAALEQAH,0.41855664083882604,1.098008776,2.345647373516478,-0.5896426210000001,2.854013528516478,30,30
FLQMIAAIEQKIAALEQSRAALQQLI,0.48024031642562914,0.834591364,2.9312011732768877,-0.8215334425,2.9442590947768874,30,30
LIQHIAAIQQAIAAFTQEIAALQQQI,0.39115582991923625,1.1052680760000002,2.8582081417577085,-0.8840624,3.079413817757709,30,30
LQQIIAAIEQIIAASGQNRAALRQRI,0.44228825542026723,1.058967519,3.0307283912608023,-0.7298215205,3.3598743897608028,30,30
VRQKIAAISQIIAALSQKRAAMEQII,0.49903995295087483,0.55686245,2.2194507178526246,-0.4642151435,2.3120980243526246,30,30
ILQQIAATKQRIAAAEQIRAALIQAI,0.42710326371998303,0.28088338500000004,1.9103272861599492,-0.5664719120000001,1.6247387591599491,30,30
LEQIIAAIKQEIAAVEQSRAALRQAM,0.517612997060772,0.9072215610000001,2.726954773182316,-0.7695620215000001,2.864614312682316,30,30
LIQKIAAIGQRIAAEIQIRAALQQQI,0.4522925180709281,1.0828156039999999,2.9607265642127842,-0.7137921885000001,3.3297499797127843,30,30
LIQKIAAIGQQIAAFQQLRAALQQRI,0.5466227812237192,1.1012301240000002,3.374199371671158,-0.7015925285000001,3.7738369671711576,30,30
LIQHIAAIEQQKAASSQNRAALQQAI,0.4368382808743245,1.1775896810000002,2.9079075596229735,-0.7204341409999999,3.365063099622974,30,30
LMQEIAAIEQKIAAVIQIRAALIQRI,0.427179546067363,1.1561128630000002,2.9836831252020892,-0.7579105155000001,3.3818854727020895,30,30
LIQEIAATYQEIAAMEQRRAALEQII,0.44650383288655665,0.7561163850000001,2.6653691156596704,-0.7083185995000001,2.7131669011596706,30,30
LNQKIAAINQKAAATRQVRAALRQRI,0.39310774308055285,1.006667215,2.9154253902416594,-0.7594029940000001,3.1626896112416594,30,30
LEQKIAAIEQRIAALKQLRAALEQRI,0.6142442573427929,1.010804174,3.825221009028379,-1.161621163,3.6744040200283794,30,30
LEQIIAAIVQVIAAEQQARAALIQSI,0.4174993427061245,1.0424966800000002,2.8563470381183738,-0.7285944845000001,3.1702492336183736,30,30
LEQIIAAISQIIAASEQSRAALQQAI,0.5208632363424506,1.425923247,3.266453334027352,-0.7534694405000001,3.938907140527352,30,30
LKQIIAAVEQVIAALQQARAALIQSI,0.46306199096893674,1.069302334,3.24441012190681,-0.9864598085,3.3272526474068096,30,30
LFQHIAAIKQHIAAEEQDQAALQQVI,0.3713390737369011,0.855733906,2.5921898572107036,-0.7342710925000001,2.7136526707107036,30,30
IIQQIAAIAQRQAAVEQILAALMQVI,0.3826084937121142,0.591372994,1.9549535961363427,-0.660942001,1.8853845891363425,30,30
LIQKIAAIGQQGAALRQIKAALEQSC,0.3550151619438813,0.565540466,1.983432448831644,-0.9255193039999999,1.623453610831644,30,30
IAQIIAAIEQEIAAFKQLRAALQQQI,0.414634333416761,0.722224112,2.3908574372502827,-0.5404437000000001,2.572637849250283,30,30
LEQIIAAIEQQQAAEKQIIAAEKQII,0.5161996231909997,0.164804409,2.1226378395729992,-0.4429890905000001,1.8444531580729988,30,30
VEQKIAAIEQQIAALVQRRAALEQII,0.5870430681603294,0.937667434,3.280327712480988,-0.8224598230000001,3.3955353234809884,30,30
LEQEIAAIHQKIAAVFQDRAALQQAI,0.40546392136234116,1.2291578210000003,2.9185362510870236,-0.8084931445000001,3.339200927587024,30,30
LEQLIAAIEQVIAAFDQMRAALQQAK,0.4749043295023168,0.998735226,2.5849183535069504,-0.7141526165000001,2.86950096300695,30,30
IEQEIAAIEQEIAACHQLRAALEQII,0.49899516278045286,0.780315028,2.5502410273413583,-0.5401027685,2.790453286841358,30,30
FEQIIAAIHQEIAAFKQFRAAMQQAI,0.4427113959211333,0.552895976,1.7735895537633999,-0.15265190500000006,2.1738336247634,30,30
EGQIIAAIEQEIAAFKQIIAALEQAR,0.46031059688169046,0.7985764,2.5846871416450714,-0.49918840000000003,2.8840751416450714,30,30
LEQVIAAIQQKIAALVQDRAALEQAI,0.5178857439386022,1.0914757540000002,3.536145468815807,-1.108807313,3.5188139098158073,30,30
LIQEIAAIEQRIAALSQDRAALQQGI,0.4405102014725608,1.2705460940000002,3.304018841417683,-0.9933592235,3.581205711917683,30,30
SAQKIAAIQQRIAAFLQARAALKQSI,0.35130907982891946,0.846254316,2.304783970486758,-0.4928679955000001,2.658170290986758,30,30
FLQMIAAIEQKIAALEQSIAALQQAI,0.45930195584370637,0.8374501760000002,2.8187957155311194,-0.93157819,2.7246677015311196,30,30
GIQIIAAIEQQIAAVLQKIAALQQQI,0.3959235358294405,0.8340715489999999,2.3084172594883214,-0.6578636495,2.4846251589883215,30,30
LNQAIAAIEQASAAFVQARAALEQSI,0.41783073896457174,1.045377421,2.9698243758937153,-0.705953981,3.309247815893715,30,30
LIQEIAAIEQVIAATQQKIAALEQHI,0.4604138817469608,1.19856382,2.9076711732408826,-0.8824502565000001,3.223784736740882,30,30
LNQKIAAINQKAAAFRQVRAAFRQRI,0.3921983268575357,0.428475441,2.088358060572607,-0.47558494999999995,2.0412485515726067,30,30
LIQHIAAAQQQIAALSQIRAALEQEI,0.5371526453221468,0.6038131959999999,2.9974357409664405,-1.1476878325,2.4535611044664405,30,30
LIQIIAAIQQRIAAFRQKRAALAQII,0.43586899541318697,1.09805552,3.041938014239561,-0.7567799890000001,3.3832135452395615,30,30
LEQIIAAIEQQIAALSQLIAALDQII,0.5629838606997086,1.267599916,3.621849443099126,-1.1687933549999998,3.7206560040991263,30,30
LEQMIAAIMQQIAACEQQRAALEQIA,0.452035113040708,0.7860412760000001,2.425017815122124,-0.8009343075000002,2.4101247836221242,30,30
LEQAQAAIMQQMAASEQTRAALKQII,0.3829530337651069,0.6609296880000001,2.275004610295321,-0.6923975075,2.243536790795321,30,30
LQQIIAAIEQEQAAVVQRRAALEQAI,0.5240941785674607,1.2570511420000001,3.2832886537023818,-0.7190735025000001,3.8212662932023815,30,30
LIQRIAAIGQLIAAKTQERAALEQII,0.4476700921398352,1.051703136,2.964788498419506,-0.7953689780000002,3.2211226564195057,30,30
LIQEIAAIEQEEAAVDQARAALQQKI,0.44410668111950735,0.928568855,2.877929974358522,-0.7512085350000001,3.055290294358522,30,30
LQQTIAAIEQEIAALSQKRAANEQII,0.4318985561349289,0.8216500980000001,2.367193594404787,-0.7754755145000001,2.413368177904787,30,30
FIQHIAAIQQQIAALSQDRAALYQAI,0.33424272628656904,0.90161155,2.4932084028597075,-0.7528172995,2.6420026533597074,30,30
LIQIIAALMQEIAACIQKIAALEQII,0.49379140868960386,0.656172414,2.8984328790688116,-1.09565086,2.4589544330688113,30,30
LRQKIAAIEQVIAALQQLRAALEQEI,0.6174424838863033,1.4286218820000003,3.83481568865891,-1.043614356,4.21982321465891,30,30
